Carrier Code,Date (MM/DD/YYYY),Flight Number,Tail Number,Origin Airport,Scheduled Arrival Time,Actual Arrival Time,Scheduled Elapsed Time (Minutes),Actual Elapsed Time (Minutes),Arrival Delay (Minutes),Wheels-on Time,Taxi-In time (Minutes),Delay Carrier (Minutes),Delay Weather (Minutes),Delay National Aviation System (Minutes),Delay Security (Minutes),Delay Late Aircraft Arrival (Minutes),Date UTC /Day,Average Temperature(Celcius) /Day,Minimum Temperature(Celcius) /Day,Maximum Temperature(Celcius) /Day,Daily Precipitation(mm) /Day,Maximum Snowfall(mm) /Day,Wind Direction(Degrees) /Day,Wind Speed(km/h) /Day,Peak Wind Gust(km/h) /Day,Atmospheric Pressure(hPa) /Day,Sunshine Duration(m) /Day
UA,1/1/2022,1282,N4901U,IAD,23:10,0:01,70,76,51,23:55,6,23,0,6,0,22,2022-01-01,14.4,13.3,16.7,16.5,0.0,165.0,7.6,,1006.7,
UA,1/1/2023,604,N814UA,DEN,14:58,14:52,193,177,-6,14:48,4,0,0,0,0,0,2023-01-01,-0.9,-4.9,1.1,1.3,100.0,111.0,10.4,,1010.5,
UA,1/1/2023,2488,N38458,EWR,23:14,23:15,75,62,1,23:10,5,0,0,0,0,0,2023-01-01,11.3,7.2,14.4,0.0,0.0,241.0,13.0,,1012.6,
UA,1/1/2023,2645,N23721,ORD,23:57,23:47,107,100,-10,23:41,6,0,0,0,0,0,2023-01-01,4.3,2.8,7.2,4.1,0.0,245.0,6.1,,1013.7,
UA,1/2/2022,1282,N4901U,IAD,23:10,23:27,70,64,17,23:19,8,17,0,0,0,0,2022-01-02,14.7,5.6,17.8,1.8,0.0,324.0,13.0,,1006.6,
UA,1/2/2023,604,N890UA,DEN,15:01,17:36,193,217,155,17:31,5,40,0,24,0,91,2023-01-02,-2.4,-4.3,-2.1,3.0,100.0,0.0,13.0,,1008.6,
UA,1/2/2023,1968,N23708,IAD,23:12,23:39,72,73,27,23:35,4,0,0,1,0,26,2023-01-02,9.4,2.8,17.8,0.0,0.0,181.0,6.1,,1019.4,
UA,1/2/2023,1998,N802UA,ORD,21:07,20:46,113,89,-21,20:43,3,0,0,0,0,0,2023-01-02,3.4,0.0,6.1,0.0,0.0,31.0,10.4,,1016.8,
UA,1/3/2022,1282,N893UA,IAD,23:10,23:31,70,68,21,23:25,6,21,0,0,0,0,2022-01-03,2.6,-4.9,5.6,18.5,30.0,347.0,18.4,,1019.7,
UA,1/3/2023,604,N813UA,DEN,14:58,14:52,193,181,-6,14:46,6,0,0,0,0,0,2023-01-03,-5.2,-8.8,-3.8,0.0,100.0,192.0,11.2,,1011.3,
UA,1/3/2023,1998,N854UA,ORD,21:07,21:04,113,111,-3,20:58,6,0,0,0,0,0,2023-01-03,4.8,3.9,8.9,28.4,0.0,28.0,12.2,,1003.9,
UA,1/4/2022,1282,N814UA,IAD,23:44,1:59,69,89,135,1:55,4,115,0,20,0,0,2022-01-04,-3.3,-8.2,0.0,0.0,80.0,195.0,9.0,,1029.1,
UA,1/4/2023,604,N407UA,DEN,14:59,14:47,193,187,-12,14:43,4,0,0,0,0,0,2023-01-04,-5.7,-11.6,-1.0,0.0,100.0,178.0,14.4,,1018.1,
UA,1/4/2023,1998,N893UA,ORD,21:17,21:31,113,110,14,21:26,5,0,0,0,0,0,2023-01-04,3.9,0.6,6.7,0.0,0.0,228.0,13.3,,1006.5,
UA,1/5/2020,2012,N825UA,ORD,21:47,21:55,107,94,8,21:50,5,0,0,0,0,0,2020-01-05,-0.7,-4.3,5.6,0.0,0.0,231.0,22.3,,1015.5,
UA,1/5/2022,1282,N827UA,IAD,23:44,23:30,69,61,-14,23:25,5,0,0,0,0,0,2022-01-05,-0.6,-3.8,2.8,0.0,50.0,187.0,12.6,,1013.8,
UA,1/5/2023,604,N821UA,DEN,14:59,14:59,193,193,0,14:54,5,0,0,0,0,0,2023-01-05,-6.9,-12.1,-1.0,0.0,100.0,236.0,9.7,,1020.9,
UA,1/5/2023,1998,N853UA,ORD,21:17,21:17,113,112,0,21:11,6,0,0,0,0,0,2023-01-05,0.6,0.0,1.1,0.5,0.0,234.0,13.7,,1011.7,
UA,1/6/2020,1643,N14735,ORD,21:19,21:01,109,93,-18,20:57,4,0,0,0,0,0,2020-01-06,1.0,-2.7,5.6,0.0,0.0,243.0,15.5,,1019.9,
UA,1/6/2022,1282,N485UA,IAD,23:44,23:45,69,66,1,23:38,7,0,0,0,0,0,2022-01-06,1.9,-2.7,5.0,0.0,30.0,24.0,8.6,,1012.5,
UA,1/6/2023,604,N855UA,DEN,14:59,14:51,193,191,-8,14:46,5,0,0,0,0,0,2023-01-06,-3.6,-8.8,3.3,0.0,100.0,244.0,10.8,,1017.8,
UA,1/6/2023,1998,N850UA,ORD,21:17,21:23,113,119,6,21:18,5,0,0,0,0,0,2023-01-06,-0.5,-3.8,1.1,0.0,0.0,259.0,11.2,,1021.0,
UA,1/7/2019,607,N810UA,ORD,20:49,20:18,109,86,-31,20:14,4,0,0,0,0,0,2019-01-07,6.4,4.4,11.7,11.2,0.0,189.0,25.2,,1007.0,
UA,1/7/2020,1643,N898UA,ORD,21:19,21:05,109,99,-14,20:59,6,0,0,0,0,0,2020-01-07,1.1,-2.1,4.4,0.0,0.0,252.0,17.3,,1016.0,
UA,1/7/2022,1282,N423UA,IAD,23:44,0:01,69,78,17,23:52,9,8,0,9,0,0,2022-01-07,-1.0,-5.5,1.7,6.6,130.0,313.0,24.5,,1018.7,
UA,1/7/2023,604,N847UA,DEN,14:59,14:53,193,193,-6,14:50,3,0,0,0,0,0,2023-01-07,-1.9,-7.1,3.3,0.0,100.0,164.0,16.6,,1025.1,
UA,1/7/2023,1998,N892UA,ORD,21:17,21:56,113,105,39,21:50,6,0,0,0,0,39,2023-01-07,-1.8,-2.7,0.0,0.0,0.0,352.0,9.4,,1028.5,
UA,1/8/2019,607,N4888U,ORD,20:49,21:31,109,101,42,21:27,4,42,0,0,0,0,2019-01-08,5.2,-4.3,7.2,0.0,0.0,263.0,23.4,,1010.2,
UA,1/8/2020,1643,N18223,ORD,21:19,21:02,109,98,-17,20:56,6,0,0,0,0,0,2020-01-08,-4.5,-9.9,-1.6,0.0,0.0,1.0,18.0,,1027.5,
UA,1/8/2022,1282,N893UA,IAD,23:44,23:38,69,63,-6,23:33,5,0,0,0,0,0,2022-01-08,-4.4,-9.9,0.6,0.0,80.0,266.0,9.0,,1035.1,
UA,1/8/2023,604,N813UA,DEN,15:02,15:17,193,199,15,15:11,6,9,0,6,0,0,2023-01-08,-1.3,-7.7,8.9,0.0,100.0,201.0,15.8,,1020.1,
UA,1/8/2023,1998,N414UA,ORD,21:17,21:05,113,105,-12,21:00,5,0,0,0,0,0,2023-01-08,-1.1,-3.2,0.6,0.0,0.0,319.0,7.9,,1024.3,
UA,1/9/2019,607,N816UA,ORD,20:49,20:38,109,106,-11,20:31,7,0,0,0,0,0,2019-01-09,-4.9,-9.3,-4.3,0.0,0.0,308.0,22.0,,1024.6,
UA,1/9/2020,1643,N13750,ORD,21:19,20:56,109,95,-23,20:52,4,0,0,0,0,0,2020-01-09,0.0,-4.9,10.0,0.5,0.0,171.0,25.9,,1017.6,
UA,1/9/2022,1282,N854UA,IAD,23:44,1:26,69,72,102,1:19,7,99,0,3,0,0,2022-01-09,0.6,-1.6,6.7,8.1,50.0,191.0,11.9,,1023.5,
UA,1/9/2023,604,N809UA,DEN,14:59,14:49,193,193,-10,14:45,4,0,0,0,0,0,2023-01-09,2.8,-5.5,6.7,0.0,80.0,214.0,14.8,,1014.8,
UA,1/9/2023,1998,N802UA,ORD,21:17,21:01,113,104,-16,20:57,4,0,0,0,0,0,2023-01-09,-0.6,-3.8,6.7,0.0,0.0,206.0,13.7,,1018.9,
UA,1/9/2023,2617,N895UA,EWR,23:12,0:04,74,71,52,23:59,5,52,0,0,0,0,2023-01-09,4.8,2.8,8.9,0.3,0.0,282.0,11.5,,1014.4,
UA,1/10/2019,607,N4888U,ORD,20:49,21:14,109,121,25,21:09,5,13,0,12,0,0,2019-01-10,-7.8,-9.9,-4.3,0.0,0.0,329.0,7.2,,1030.2,
UA,1/10/2020,1643,N17753,ORD,21:19,23:14,109,123,115,23:09,5,5,0,14,0,96,2020-01-10,7.9,2.2,10.0,21.3,0.0,43.0,18.4,,1016.7,
UA,1/10/2022,1282,N810UA,IAD,23:44,0:14,69,77,30,0:08,6,0,22,8,0,0,2022-01-10,2.1,-3.2,5.6,0.0,0.0,310.0,27.0,,1023.7,
UA,1/10/2023,604,N408UA,DEN,14:59,15:37,193,190,38,15:33,4,38,0,0,0,0,2023-01-10,3.3,-2.1,11.7,0.0,50.0,208.0,16.2,,1007.7,
UA,1/10/2023,1036,N78285,ORD,21:38,21:24,113,107,-14,21:17,7,0,0,0,0,0,2023-01-10,4.7,1.1,10.0,0.0,0.0,191.0,7.9,,1011.5,
UA,1/10/2023,1998,N463UA,ORD,21:17,21:05,113,108,-12,21:00,5,0,0,0,0,0,2023-01-10,4.7,1.1,10.0,0.0,0.0,191.0,7.9,,1011.5,
UA,1/10/2023,2617,N846UA,EWR,23:12,22:49,74,63,-23,22:43,6,0,0,0,0,0,2023-01-10,3.9,0.6,6.1,0.0,0.0,275.0,12.2,,1017.1,
UA,1/11/2019,607,N897UA,ORD,20:49,20:44,109,100,-5,20:38,6,0,0,0,0,0,2019-01-11,-4.8,-8.2,-1.0,0.0,0.0,181.0,7.9,,1028.2,
UA,1/11/2020,2027,N24715,ORD,21:19,22:00,109,94,41,21:56,4,0,41,0,0,0,2020-01-11,1.3,-3.8,2.8,9.4,0.0,12.0,40.3,,1011.5,
UA,1/11/2022,1282,N880UA,IAD,23:44,23:26,69,59,-18,23:18,8,0,0,0,0,0,2022-01-11,-3.7,-7.1,-2.1,0.0,0.0,335.0,14.0,,1032.9,
UA,1/11/2023,604,N809UA,DEN,14:59,15:34,193,206,35,15:29,5,12,0,13,0,10,2023-01-11,1.3,-2.7,3.3,1.8,50.0,351.0,12.6,,1011.6,
UA,1/11/2023,1998,N872UA,ORD,21:17,21:05,113,91,-12,21:02,3,0,0,0,0,0,2023-01-11,6.1,3.3,13.9,0.0,0.0,53.0,5.4,,1009.2,
UA,1/11/2023,2617,N836UA,EWR,23:12,23:08,74,63,-4,23:04,4,0,0,0,0,0,2023-01-11,4.1,2.2,5.0,0.0,0.0,39.0,9.7,,1023.4,
UA,1/12/2019,607,N832UA,ORD,20:49,21:56,109,130,67,21:51,5,45,0,21,0,1,2019-01-12,-1.0,-1.6,0.0,3.0,0.0,86.0,18.4,,1027.0,
UA,1/12/2020,1643,N16703,ORD,21:19,23:56,109,106,157,23:50,6,0,66,0,0,91,2020-01-12,-3.1,-4.9,-0.5,0.0,50.0,37.0,10.4,,1024.1,
UA,1/12/2022,1282,N871UA,IAD,23:44,23:30,69,67,-14,23:24,6,0,0,0,0,0,2022-01-12,-1.1,-7.1,8.9,0.0,0.0,184.0,13.7,,1022.8,
UA,1/12/2023,604,N826UA,DEN,14:59,14:45,193,185,-14,14:42,3,0,0,0,0,0,2023-01-12,-1.2,-8.8,5.0,0.0,50.0,212.0,13.3,,1028.7,
UA,1/12/2023,1998,N873UA,ORD,21:17,21:10,113,107,-7,21:06,4,0,0,0,0,0,2023-01-12,4.6,2.2,6.1,0.0,0.0,0.0,23.0,,1014.5,
UA,1/12/2023,2617,N836UA,EWR,23:12,1:38,74,85,146,1:33,5,0,0,88,0,58,2023-01-12,6.6,3.9,13.9,5.3,0.0,83.0,10.4,,1016.8,
UA,1/13/2019,607,N837UA,ORD,20:49,20:45,109,104,-4,20:40,5,0,0,0,0,0,2019-01-13,-1.3,-3.8,-0.5,0.3,50.0,33.0,20.2,,1028.9,
UA,1/13/2020,1643,N24715,ORD,21:19,21:01,109,90,-18,20:57,4,0,0,0,0,0,2020-01-13,-0.5,-0.5,0.6,0.0,50.0,208.0,13.3,,1025.1,
UA,1/13/2022,1282,N845UA,IAD,23:44,23:41,69,60,-3,23:37,4,0,0,0,0,0,2022-01-13,3.4,-3.2,10.0,0.0,0.0,13.0,4.0,,1014.3,
UA,1/13/2023,604,N823UA,DEN,14:59,15:09,193,207,10,15:04,5,0,0,0,0,0,2023-01-13,0.2,-6.6,8.3,0.0,30.0,221.0,10.1,,1023.1,
UA,1/13/2023,1998,N455UA,ORD,21:17,21:19,113,118,2,21:12,7,0,0,0,0,0,2023-01-13,0.6,-3.2,2.2,0.5,0.0,344.0,23.0,,1023.8,
UA,1/13/2023,2617,N810UA,EWR,23:12,23:33,74,54,21,23:28,5,3,0,0,0,18,2023-01-13,12.2,3.3,15.0,2.8,0.0,253.0,22.3,,1002.3,
UA,1/14/2019,607,N820UA,ORD,20:49,20:41,109,105,-8,20:36,5,0,0,0,0,0,2019-01-14,-3.7,-4.9,-2.7,0.0,50.0,262.0,13.3,,1027.5,
UA,1/14/2020,1643,N889UA,ORD,21:19,21:07,109,101,-12,21:02,5,0,0,0,0,0,2020-01-14,1.5,-3.8,3.9,0.0,30.0,226.0,13.7,,1019.8,
UA,1/14/2022,1282,N469UA,IAD,23:44,23:37,69,72,-7,23:24,13,0,0,0,0,0,2022-01-14,3.6,-2.1,7.8,0.0,0.0,332.0,19.4,,1012.4,
UA,1/14/2023,604,N809UA,DEN,14:59,15:05,193,197,6,15:00,5,0,0,0,0,0,2023-01-14,5.5,0.6,15.0,0.0,30.0,188.0,15.8,,1007.5,
UA,1/14/2023,1998,N851UA,ORD,21:17,22:25,113,103,68,22:21,4,0,0,0,0,68,2023-01-14,-2.8,-4.3,-0.5,0.0,0.0,222.0,11.9,,1025.1,
UA,1/14/2023,2617,N496UA,EWR,23:12,23:10,74,60,-2,23:04,6,0,0,0,0,0,2023-01-14,2.8,0.6,3.3,0.0,0.0,340.0,28.8,,1010.0,
UA,1/15/2019,607,N852UA,ORD,20:49,20:41,109,104,-8,20:34,7,0,0,0,0,0,2019-01-15,-3.6,-4.3,0.0,0.0,30.0,238.0,18.0,,1021.3,
UA,1/15/2020,1643,N15751,ORD,21:19,22:47,109,88,88,22:44,3,0,0,8,0,80,2020-01-15,-0.2,-3.8,2.2,0.0,0.0,14.0,13.0,,1019.7,
UA,1/15/2022,1282,N818UA,IAD,23:44,23:36,69,64,-8,23:31,5,0,0,0,0,0,2022-01-15,-1.8,-8.2,0.6,0.0,0.0,10.0,16.9,,1025.2,
UA,1/15/2023,604,N811UA,DEN,15:02,15:23,193,204,21,15:19,4,10,0,11,0,0,2023-01-15,3.6,-1.6,6.1,0.0,0.0,325.0,10.1,,998.1,
UA,1/15/2023,1998,N877UA,ORD,21:17,22:57,113,140,100,22:52,5,0,0,27,0,73,2023-01-15,-0.3,-3.2,6.7,0.0,0.0,164.0,20.9,,1018.0,
UA,1/15/2023,2617,N810UA,EWR,23:12,23:33,74,73,21,23:26,7,21,0,0,0,0,2023-01-15,2.4,0.0,7.8,0.0,0.0,351.0,31.0,,1015.7,
UA,1/16/2019,607,N807UA,ORD,20:49,20:37,109,100,-12,20:32,5,0,0,0,0,0,2019-01-16,-0.4,-2.1,1.1,0.0,30.0,16.0,15.1,,1023.4,
UA,1/16/2020,1643,N27733,ORD,21:19,21:04,109,98,-15,20:56,8,0,0,0,0,0,2020-01-16,-4.0,-11.6,-1.6,0.0,0.0,311.0,18.7,,1037.0,
UA,1/16/2022,1282,,IAD,23:44,0:00,69,0,0,0:00,0,0,0,0,0,0,2022-01-16,-7.3,-9.9,5.0,28.4,0.0,28.0,14.0,,1019.1,
UA,1/16/2023,604,N897UA,DEN,14:59,14:49,193,189,-10,14:44,5,0,0,0,0,0,2023-01-16,1.6,-4.3,8.3,0.0,0.0,181.0,11.9,,1001.9,
UA,1/16/2023,1998,N462UA,ORD,21:17,21:34,113,137,17,21:30,4,0,0,17,0,0,2023-01-16,5.4,4.4,11.1,4.6,0.0,169.0,22.3,,1004.1,
UA,1/16/2023,2617,N405UA,EWR,23:12,23:06,74,70,-6,23:01,5,0,0,0,0,0,2023-01-16,2.8,-1.6,10.6,0.0,0.0,314.0,17.3,,1012.2,
UA,1/17/2019,607,N823UA,ORD,20:49,20:40,109,103,-9,20:29,11,0,0,0,0,0,2019-01-17,-0.9,-2.1,1.7,0.0,0.0,9.0,9.0,,1019.1,
UA,1/17/2020,1643,,ORD,21:19,0:00,109,0,0,0:00,0,0,0,0,0,0,2020-01-17,-7.3,-11.6,-1.6,9.4,0.0,86.0,16.9,,1036.5,
UA,1/17/2022,1282,N420UA,IAD,23:44,23:55,69,75,11,23:50,5,0,0,0,0,0,2022-01-17,1.8,0.0,5.0,1.8,50.0,261.0,26.3,,993.0,
UA,1/17/2023,604,N897UA,DEN,14:59,14:44,193,181,-15,14:39,5,0,0,0,0,0,2023-01-17,-0.8,-4.3,1.7,10.9,0.0,336.0,11.2,,1004.9,
UA,1/17/2023,1998,N820UA,ORD,21:17,21:22,113,112,5,21:18,4,0,0,0,0,0,2023-01-17,6.4,2.8,9.4,0.0,0.0,253.0,23.8,,1003.0,
UA,1/17/2023,2617,N880UA,EWR,23:12,23:03,74,66,-9,22:58,5,0,0,0,0,0,2023-01-17,4.8,-0.5,8.9,0.0,0.0,234.0,10.1,,1006.1,
UA,1/18/2019,607,N493UA,ORD,20:49,21:39,109,100,50,21:33,6,50,0,0,0,0,2019-01-18,-1.3,-2.7,-0.5,3.0,0.0,14.0,16.9,,1020.9,
UA,1/18/2020,2027,N16703,ORD,21:19,21:17,109,94,-2,21:13,4,0,0,0,0,0,2020-01-18,-1.5,-14.9,1.7,10.2,50.0,225.0,25.6,,1010.9,
UA,1/18/2022,1282,N833UA,IAD,23:44,23:36,69,66,-8,23:30,6,0,0,0,0,0,2022-01-18,1.4,-4.3,4.4,0.0,30.0,288.0,15.8,,1016.7,
UA,1/18/2023,604,N843UA,DEN,14:59,15:47,193,227,48,15:42,5,0,0,34,0,14,2023-01-18,-3.5,-8.2,-2.7,11.2,150.0,341.0,21.6,,1008.5,
UA,1/18/2023,1998,N810UA,ORD,21:17,21:09,113,108,-8,21:05,4,0,0,0,0,0,2023-01-18,3.2,2.2,5.0,6.1,0.0,41.0,17.3,,1013.4,
UA,1/18/2023,2617,N873UA,EWR,23:12,23:24,74,67,12,23:19,5,0,0,0,0,0,2023-01-18,8.7,4.4,13.9,0.5,0.0,268.0,19.4,,1009.2,
UA,1/19/2019,607,,ORD,20:49,0:00,109,0,0,0:00,0,0,0,0,0,0,2019-01-19,-3.1,-11.6,-2.1,4.6,100.0,31.0,32.4,,1017.9,
UA,1/19/2020,1643,N24702,ORD,21:19,21:49,109,134,30,21:19,30,0,0,30,0,0,2020-01-19,-12.8,-16.6,-7.1,0.0,50.0,284.0,20.9,,1026.3,
UA,1/19/2022,1282,N877UA,IAD,23:44,23:35,69,68,-9,23:30,5,0,0,0,0,0,2022-01-19,2.1,-3.8,11.7,1.8,0.0,196.0,16.9,,1018.3,
UA,1/19/2023,604,N893UA,DEN,14:59,14:54,193,184,-5,14:50,4,0,0,0,0,0,2023-01-19,-5.1,-13.2,0.0,0.0,130.0,201.0,14.4,,1017.3,
UA,1/19/2023,1998,N844UA,ORD,21:17,21:15,113,108,-2,21:09,6,0,0,0,0,0,2023-01-19,3.8,1.1,5.6,3.6,0.0,223.0,14.0,,1000.8,
UA,1/19/2023,2617,N826UA,EWR,23:12,0:11,74,65,59,0:05,6,21,0,0,0,38,2023-01-19,6.2,3.3,6.7,24.1,0.0,16.0,9.0,,1012.0,
UA,1/20/2019,607,N845UA,ORD,20:49,20:58,109,108,9,20:52,6,0,0,0,0,0,2019-01-20,-11.2,-15.5,-9.9,0.0,130.0,335.0,21.6,,1026.8,
UA,1/20/2020,1643,N23708,ORD,21:19,21:13,109,108,-6,21:09,4,0,0,0,0,0,2020-01-20,-5.9,-8.2,-0.5,0.0,50.0,333.0,10.8,,1035.7,
UA,1/20/2022,1282,N825UA,IAD,23:44,23:25,69,65,-19,23:20,5,0,0,0,0,0,2022-01-20,3.9,-3.8,5.0,12.2,0.0,344.0,15.8,,1022.1,
UA,1/20/2023,604,N874UA,DEN,14:59,14:59,193,193,0,14:54,5,0,0,0,0,0,2023-01-20,-7.4,-11.0,-2.7,0.0,130.0,284.0,6.1,,1023.8,
UA,1/20/2023,1998,N884UA,ORD,21:17,21:08,113,106,-9,21:02,6,0,0,0,0,0,2023-01-20,1.0,-1.6,1.7,0.0,0.0,287.0,17.3,,1017.9,
UA,1/20/2023,2617,N891UA,EWR,23:12,22:58,74,64,-14,22:50,8,0,0,0,0,0,2023-01-20,7.1,3.3,10.6,0.0,0.0,268.0,19.1,,1005.8,
UA,1/21/2019,607,N832UA,ORD,20:49,20:42,109,102,-7,20:37,5,0,0,0,0,0,2019-01-21,-12.6,-16.0,-8.2,0.0,130.0,139.0,13.7,,1033.0,
UA,1/21/2020,1643,N811UA,ORD,21:19,21:10,109,107,-9,21:05,5,0,0,0,0,0,2020-01-21,-6.1,-9.3,-1.6,0.0,50.0,231.0,12.2,,1034.6,
UA,1/21/2022,1282,N416UA,IAD,23:44,23:28,69,63,-16,23:23,5,0,0,0,0,0,2022-01-21,-5.4,-8.8,-3.8,0.0,0.0,359.0,18.7,,1032.9,
UA,1/21/2023,604,N4888U,DEN,14:59,15:07,193,190,8,15:04,3,0,0,0,0,0,2023-01-21,-6.2,-10.5,-1.6,0.3,130.0,280.0,13.7,,1021.5,
UA,1/21/2023,1998,N846UA,ORD,21:17,21:09,113,107,-8,21:04,5,0,0,0,0,0,2023-01-21,-1.3,-2.1,0.0,0.0,0.0,230.0,12.6,,1021.2,
UA,1/21/2023,2617,N889UA,EWR,23:12,23:33,74,57,21,23:27,6,21,0,0,0,0,2023-01-21,5.2,3.3,5.6,0.0,0.0,308.0,16.2,,1019.9,
UA,1/22/2019,607,N816UA,ORD,20:49,2:59,109,83,370,2:55,4,0,21,0,0,349,2019-01-22,-7.4,-10.5,0.6,4.6,130.0,164.0,15.1,,1019.8,
UA,1/22/2020,1643,N17752,ORD,21:19,21:00,109,99,-19,20:56,4,0,0,0,0,0,2020-01-22,-2.7,-4.3,1.1,0.0,50.0,190.0,19.8,,1023.3,
UA,1/22/2022,1282,N803UA,IAD,23:44,0:05,69,64,21,23:59,6,21,0,0,0,0,2022-01-22,-5.7,-11.0,-0.5,0.0,0.0,347.0,9.4,,1027.7,
UA,1/22/2023,604,N872UA,DEN,15:02,16:03,193,189,61,15:58,5,11,0,0,0,50,2023-01-22,-4.4,-11.0,-1.0,0.0,130.0,157.0,13.7,,1015.4,
UA,1/22/2023,1998,N835UA,ORD,21:17,21:01,113,99,-16,20:56,5,0,0,0,0,0,2023-01-22,-0.3,-3.2,1.1,3.3,30.0,337.0,7.9,,1012.8,
UA,1/22/2023,2617,N834UA,EWR,23:12,23:14,74,60,2,23:10,4,0,0,0,0,0,2023-01-22,4.1,2.8,6.1,12.7,0.0,165.0,11.5,,1018.3,
UA,1/23/2019,607,N820UA,ORD,20:49,21:23,109,106,34,21:18,5,20,0,0,0,14,2019-01-23,-1.4,-7.1,1.1,5.6,100.0,320.0,15.8,,1008.2,
UA,1/23/2020,1643,N14704,ORD,21:19,23:07,109,113,108,23:04,3,0,0,18,0,90,2020-01-23,-0.2,-1.6,1.1,4.3,50.0,153.0,12.2,,1018.0,
UA,1/23/2022,1282,N489UA,IAD,23:44,0:04,69,95,20,23:31,33,0,0,20,0,0,2022-01-23,-2.8,-8.2,3.9,0.0,0.0,288.0,6.1,,1013.5,
UA,1/23/2023,604,N825UA,DEN,14:59,15:12,193,201,13,15:06,6,0,0,0,0,0,2023-01-23,-5.7,-8.8,-1.0,0.3,100.0,356.0,10.1,,1021.3,
UA,1/23/2023,1998,N873UA,ORD,21:17,21:14,113,101,-3,21:09,5,0,0,0,0,0,2023-01-23,-3.0,-6.0,-1.0,0.0,0.0,257.0,19.4,,1018.4,
UA,1/23/2023,2617,N808UA,EWR,23:12,23:36,74,59,24,23:31,5,7,0,0,0,17,2023-01-23,4.1,2.8,5.0,7.4,0.0,325.0,23.8,,1004.6,
UA,1/24/2019,607,N451UA,ORD,20:49,21:02,109,104,13,20:55,7,0,0,0,0,0,2019-01-24,-8.6,-16.6,-5.5,0.0,130.0,254.0,18.7,,1013.1,
UA,1/24/2020,1643,N17719,ORD,21:19,21:22,109,116,3,21:18,4,0,0,0,0,0,2020-01-24,1.6,0.0,2.8,10.2,30.0,48.0,7.6,,1010.9,
UA,1/24/2022,1282,N449UA,IAD,23:44,23:28,69,66,-16,23:23,5,0,0,0,0,0,2022-01-24,1.5,-3.2,5.0,0.0,0.0,243.0,10.8,,1011.2,
UA,1/24/2023,604,N821UA,DEN,14:59,14:57,193,187,-2,14:52,5,0,0,0,0,0,2023-01-24,-5.2,-8.2,0.6,0.0,100.0,202.0,10.8,,1020.4,
UA,1/24/2023,1998,N851UA,ORD,21:17,21:04,113,104,-13,21:00,4,0,0,0,0,0,2023-01-24,-0.7,-2.1,2.2,0.0,0.0,263.0,10.1,,1021.4,
UA,1/24/2023,2617,N819UA,EWR,23:12,23:08,74,58,-4,23:03,5,0,0,0,0,0,2023-01-24,4.5,2.2,10.0,0.0,0.0,273.0,20.9,,1020.4,
UA,1/25/2019,607,N825UA,ORD,20:49,21:48,109,102,59,21:44,4,0,59,0,0,0,2019-01-25,-17.1,-21.0,-14.9,0.8,130.0,261.0,15.1,,1023.6,
UA,1/25/2020,2027,N15712,ORD,21:19,21:18,109,106,-1,21:14,4,0,0,0,0,0,2020-01-25,0.7,0.0,1.1,3.0,30.0,250.0,13.3,,1010.0,
UA,1/25/2022,1282,N490UA,IAD,23:44,23:33,69,68,-11,23:24,9,0,0,0,0,0,2022-01-25,2.4,-2.7,7.8,0.0,0.0,346.0,13.0,,1015.2,
UA,1/25/2023,604,N821UA,DEN,14:59,15:24,193,221,25,15:20,4,0,0,25,0,0,2023-01-25,-4.9,-7.1,-0.5,0.5,100.0,296.0,13.0,,1023.2,
UA,1/25/2023,1998,N802UA,ORD,21:17,21:29,113,126,12,21:25,4,0,0,0,0,0,2023-01-25,0.7,-0.5,1.1,7.6,50.0,1.0,13.3,,1008.6,
UA,1/25/2023,2617,N66831,EWR,23:12,23:43,74,106,31,23:37,6,0,0,31,0,0,2023-01-25,4.1,1.1,14.4,24.1,0.0,73.0,13.7,,1018.6,
UA,1/26/2019,607,N834UA,ORD,20:49,21:40,109,117,51,21:35,5,0,43,8,0,0,2019-01-26,-16.6,-21.6,-11.0,1.5,180.0,249.0,9.4,,1020.2,
UA,1/26/2020,1643,N15712,ORD,21:19,21:11,109,111,-8,21:06,5,0,0,0,0,0,2020-01-26,-0.2,-2.7,0.6,0.0,30.0,261.0,15.1,,1013.0,
UA,1/26/2022,1282,N827UA,IAD,23:44,23:33,69,70,-11,23:28,5,0,0,0,0,0,2022-01-26,-2.5,-8.8,0.6,0.0,0.0,359.0,10.8,,1028.4,
UA,1/26/2023,604,N418UA,DEN,14:59,15:51,193,200,52,15:46,5,45,0,7,0,0,2023-01-26,-3.9,-9.3,2.8,0.0,100.0,237.0,20.2,,1022.0,
UA,1/26/2023,1998,N811UA,ORD,21:17,21:33,113,114,16,21:26,7,15,0,1,0,0,2023-01-26,-1.9,-9.3,0.0,1.0,50.0,254.0,16.9,,1013.3,
UA,1/26/2023,2617,N38417,EWR,23:12,23:04,74,63,-8,22:57,7,0,0,0,0,0,2023-01-26,9.4,4.4,14.4,9.7,0.0,247.0,29.5,,1003.5,
UA,1/27/2019,607,N819UA,ORD,20:49,20:41,109,96,-8,20:35,6,0,0,0,0,0,2019-01-27,-15.7,-20.5,-11.6,0.0,180.0,259.0,11.2,,1019.5,
UA,1/27/2020,1643,N13716,ORD,21:19,21:08,109,103,-11,21:03,5,0,0,0,0,0,2020-01-27,-1.2,-2.7,1.7,0.0,0.0,304.0,9.4,,1015.4,
UA,1/27/2022,1282,N414UA,IAD,23:44,23:28,69,67,-16,23:22,6,0,0,0,0,0,2022-01-27,-5.1,-12.1,2.2,0.0,0.0,201.0,8.3,,1028.8,
UA,1/27/2023,604,N827UA,DEN,14:59,15:12,193,206,13,15:06,6,0,0,0,0,0,2023-01-27,0.4,-9.9,5.0,0.0,80.0,230.0,16.2,,1010.6,
UA,1/27/2023,1998,N842UA,ORD,21:17,21:16,113,106,-1,21:10,6,0,0,0,0,0,2023-01-27,-5.6,-10.5,2.2,1.5,50.0,218.0,24.5,,1011.3,
UA,1/27/2023,2617,N454UA,EWR,23:12,23:06,74,63,-6,23:01,5,0,0,0,0,0,2023-01-27,4.2,-0.5,7.2,0.0,0.0,237.0,13.7,,1018.9,
UA,1/28/2019,607,N497UA,ORD,20:49,2:42,109,111,353,2:37,5,0,19,2,0,332,2019-01-28,-7.6,-13.2,1.1,13.5,230.0,227.0,20.5,,1004.8,
UA,1/28/2020,1643,N853UA,ORD,21:19,21:16,109,100,-3,21:09,7,0,0,0,0,0,2020-01-28,0.1,-0.5,0.6,0.0,0.0,300.0,9.4,,1019.2,
UA,1/28/2022,1282,N421UA,IAD,23:44,23:50,69,75,6,23:46,4,0,0,0,0,0,2022-01-28,0.6,-2.1,3.3,3.3,0.0,50.0,8.6,,1018.3,
UA,1/28/2023,604,N833UA,DEN,14:59,14:49,193,181,-10,14:45,4,0,0,0,0,0,2023-01-28,-3.6,-13.8,1.7,0.5,80.0,96.0,18.4,,1013.7,
UA,1/28/2023,1998,N473UA,ORD,21:17,21:07,113,98,-10,21:01,6,0,0,0,0,0,2023-01-28,-4.6,-7.1,-0.5,3.8,30.0,7.0,13.3,,1020.5,
UA,1/28/2023,2617,N824UA,EWR,23:12,23:13,74,58,1,23:08,5,0,0,0,0,0,2023-01-28,5.3,-0.5,12.8,0.0,0.0,228.0,14.4,,1023.9,
UA,1/29/2019,607,N809UA,ORD,20:49,20:44,109,105,-5,20:38,6,0,0,0,0,0,2019-01-29,-14.6,-23.2,-12.1,0.0,250.0,261.0,23.4,,1014.8,
UA,1/29/2020,1643,N15751,ORD,21:19,21:09,109,100,-10,21:05,4,0,0,0,0,0,2020-01-29,-0.2,-1.0,1.1,0.0,0.0,28.0,7.6,,1022.3,
UA,1/29/2022,1282,N469UA,IAD,23:44,23:36,69,75,-8,23:30,6,0,0,0,0,0,2022-01-29,-2.9,-7.1,0.0,0.0,30.0,331.0,27.7,,1013.0,
UA,1/29/2023,604,,DEN,15:02,0:00,193,0,0,0:00,0,0,0,0,0,0,2023-01-29,-14.4,-20.5,-13.8,0.3,80.0,72.0,15.8,,1024.5,
UA,1/29/2023,1998,N893UA,ORD,21:17,21:15,113,109,-2,21:11,4,0,0,0,0,0,2023-01-29,-3.4,-7.7,-0.5,0.5,80.0,341.0,17.3,,1023.2,
UA,1/29/2023,2617,N38473,EWR,23:12,23:17,74,55,5,23:12,5,0,0,0,0,0,2023-01-29,8.3,3.3,12.2,0.0,0.0,216.0,12.2,,1022.7,
UA,1/30/2019,607,,ORD,20:49,0:00,109,0,0,0:00,0,0,0,0,0,0,2019-01-30,-25.9,-30.5,-23.2,0.0,200.0,260.0,24.5,,1025.2,
UA,1/30/2020,1643,N16709,ORD,21:19,22:33,109,98,74,22:30,3,7,0,0,0,67,2020-01-30,0.6,0.0,1.7,0.0,0.0,177.0,5.8,,1022.7,
UA,1/30/2022,1282,N828UA,IAD,23:44,23:37,69,69,-7,23:30,7,0,0,0,0,0,2022-01-30,-6.1,-12.7,-1.0,0.0,30.0,210.0,6.1,,1018.6,
UA,1/30/2023,604,N882UA,DEN,14:59,14:35,193,172,-24,14:30,5,0,0,0,0,0,2023-01-30,-20.1,-23.2,-15.5,1.5,80.0,94.0,8.3,,1028.8,
UA,1/30/2023,1998,N836UA,ORD,21:17,21:21,113,103,4,21:16,5,0,0,0,0,0,2023-01-30,-9.5,-14.9,-7.7,0.5,80.0,313.0,15.5,,1029.7,
UA,1/30/2023,2617,N66831,EWR,23:12,23:15,74,74,3,23:11,4,0,0,0,0,0,2023-01-30,8.4,3.9,13.9,0.0,0.0,220.0,9.4,,1020.2,
UA,1/31/2019,607,,ORD,20:49,0:00,109,0,0,0:00,0,0,0,0,0,0,2019-01-31,-26.1,-29.3,-17.1,1.3,200.0,229.0,10.1,,1030.5,
UA,1/31/2020,1643,N27724,ORD,21:19,21:16,109,114,-3,21:10,6,0,0,0,0,0,2020-01-31,1.2,0.0,2.8,2.0,0.0,180.0,8.6,,1020.9,
UA,1/31/2022,1282,N472UA,IAD,23:44,23:34,69,67,-10,23:30,4,0,0,0,0,0,2022-01-31,-2.0,-8.2,3.3,0.0,30.0,36.0,6.5,,1025.1,
UA,1/31/2023,604,N851UA,DEN,14:59,14:47,193,175,-12,14:40,7,0,0,0,0,0,2023-01-31,-14.9,-21.6,-4.9,0.3,100.0,178.0,13.3,,1026.1,
UA,1/31/2023,1998,N808UA,ORD,21:17,20:52,113,97,-25,20:48,4,0,0,0,0,0,2023-01-31,-14.3,-18.2,-11.0,0.0,80.0,269.0,9.7,,1030.7,
UA,1/31/2023,2617,N68807,EWR,23:12,22:59,74,66,-13,22:55,4,0,0,0,0,0,2023-01-31,5.6,0.0,9.4,1.5,0.0,348.0,16.9,,1021.9,
UA,2/1/2019,607,N850UA,ORD,20:49,20:52,109,113,3,20:47,5,0,0,0,0,0,2019-02-01,-13.9,-17.1,-6.0,0.5,230.0,136.0,8.3,,1026.8,
UA,2/1/2020,2027,N27724,ORD,21:19,21:07,109,103,-12,21:03,4,0,0,0,0,0,2020-02-01,2.0,1.1,3.3,0.3,0.0,225.0,18.4,,1012.2,
UA,2/1/2022,1282,N834UA,IAD,23:44,23:27,69,67,-17,23:22,5,0,0,0,0,0,2022-02-01,-1.3,-8.2,6.1,0.0,0.0,40.0,3.6,,1031.8,
UA,2/2/2019,607,N834UA,ORD,20:49,20:40,109,101,-9,20:37,3,0,0,0,0,0,2019-02-02,-3.6,-9.9,5.6,0.0,230.0,204.0,18.0,,1017.7,
UA,2/2/2020,1643,N24702,ORD,21:19,21:04,109,99,-15,21:00,4,0,0,0,0,0,2020-02-02,5.2,1.7,11.1,0.0,0.0,242.0,23.0,,1001.6,
UA,2/2/2022,1282,N876UA,IAD,23:44,23:25,69,63,-19,23:20,5,0,0,0,0,0,2022-02-02,1.7,-4.9,9.4,0.0,0.0,136.0,8.6,,1029.0,
UA,2/3/2019,607,N834UA,ORD,20:49,20:32,109,98,-17,20:27,5,0,0,0,0,0,2019-02-03,5.7,3.9,8.9,0.0,100.0,198.0,16.2,,1010.4,
UA,2/3/2020,1643,N27733,ORD,21:19,20:50,109,89,-29,20:45,5,0,0,0,0,0,2020-02-03,4.1,-1.0,8.9,0.0,0.0,25.0,15.5,,1007.5,
UA,2/3/2022,1282,,IAD,23:44,0:00,69,0,0,0:00,0,0,0,0,0,0,2022-02-03,6.7,4.4,12.8,15.5,0.0,171.0,6.5,,1021.4,
UA,2/4/2019,607,N806UA,ORD,20:49,21:29,109,105,40,21:23,6,40,0,0,0,0,2019-02-04,8.5,-1.0,10.6,1.3,0.0,224.0,18.4,,1007.6,
UA,2/4/2020,1643,N892UA,ORD,21:19,20:56,109,92,-23,20:50,6,0,0,0,0,0,2020-02-04,2.4,-0.5,3.9,0.0,0.0,18.0,34.9,,1016.4,
UA,2/4/2022,1282,N417UA,IAD,23:44,23:43,69,71,-1,23:31,12,0,0,0,0,0,2022-02-04,9.0,0.0,16.7,16.5,0.0,322.0,20.9,,1013.7,
UA,2/5/2019,607,N813UA,ORD,20:49,20:21,109,88,-28,20:17,4,0,0,0,0,0,2019-02-05,-1.4,-4.3,0.6,7.9,0.0,26.0,15.1,,1018.7,
UA,2/5/2020,1643,N12754,ORD,21:19,20:49,109,85,-30,20:46,3,0,0,0,0,0,2020-02-05,-1.1,-2.7,0.6,1.8,0.0,39.0,20.5,,1017.7,
UA,2/5/2022,1874,N831UA,IAD,23:44,23:31,69,64,-13,23:25,6,0,0,0,0,0,2022-02-05,-0.1,-5.5,0.6,0.0,0.0,331.0,19.4,,1027.7,
UA,2/6/2019,607,N834UA,ORD,20:49,20:33,109,96,-16,20:20,13,0,0,0,0,0,2019-02-06,0.4,0.0,2.2,0.3,0.0,18.0,13.7,,1013.8,
UA,2/6/2020,1643,N12754,ORD,21:19,21:03,109,102,-16,20:59,4,0,0,0,0,0,2020-02-06,-1.8,-2.7,-1.0,1.3,30.0,7.0,20.9,,1004.9,
UA,2/6/2022,1874,N828UA,IAD,23:44,23:34,69,60,-10,23:29,5,0,0,0,0,0,2022-02-06,-1.4,-8.8,2.8,0.0,0.0,71.0,3.6,,1033.7,
UA,2/7/2019,607,N899UA,ORD,20:49,21:36,109,102,47,21:31,5,47,0,0,0,0,2019-02-07,2.0,-12.1,6.7,18.0,0.0,349.0,20.9,,1008.6,
UA,2/7/2020,1643,N24736,ORD,21:19,21:12,109,105,-7,21:05,7,0,0,0,0,0,2020-02-07,-1.1,-4.3,3.3,0.0,50.0,294.0,12.6,,1007.8,
UA,2/7/2022,1874,N876UA,IAD,23:44,23:30,69,64,-14,23:25,5,0,0,0,0,0,2022-02-07,0.2,-4.3,6.1,0.3,0.0,354.0,3.6,,1024.0,
UA,2/8/2019,607,N813UA,ORD,20:49,20:39,109,103,-10,20:34,5,0,0,0,0,0,2019-02-08,-11.4,-15.5,-10.5,0.0,0.0,263.0,28.4,,1032.1,
UA,2/8/2020,2027,N13750,ORD,21:19,21:29,109,90,10,21:25,4,0,0,0,0,0,2020-02-08,0.2,-2.1,2.8,0.0,0.0,246.0,10.1,,1019.5,
UA,2/8/2022,1874,N824UA,IAD,23:44,23:36,69,67,-8,23:29,7,0,0,0,0,0,2022-02-08,2.2,-4.9,8.9,0.0,0.0,345.0,7.6,,1017.6,
UA,2/9/2019,607,N801UA,ORD,20:49,20:27,109,90,-22,20:21,6,0,0,0,0,0,2019-02-09,-11.2,-15.5,-4.3,0.0,0.0,106.0,9.4,,1043.8,
UA,2/9/2020,1643,N25705,ORD,21:19,21:36,109,101,17,21:33,3,0,1,0,0,16,2020-02-09,-0.7,-3.8,2.8,3.6,0.0,188.0,16.2,,1018.6,
UA,2/9/2022,1874,N436UA,IAD,23:44,23:57,69,63,13,23:53,4,0,0,0,0,0,2022-02-09,2.3,-6.0,13.9,0.0,0.0,193.0,8.3,,1015.8,
UA,2/10/2019,607,N801UA,ORD,20:49,23:16,109,150,147,23:11,5,12,0,41,0,94,2019-02-10,-4.8,-5.5,-2.1,1.0,0.0,115.0,11.2,,1028.4,
UA,2/10/2020,1643,N76502,ORD,21:19,20:45,109,91,-34,20:40,5,0,0,0,0,0,2020-02-10,-0.1,-3.2,3.9,0.0,0.0,343.0,9.4,,1020.2,
UA,2/10/2022,1874,N445UA,IAD,23:44,23:29,69,66,-15,23:25,4,0,0,0,0,0,2022-02-10,8.3,-0.5,15.6,0.0,0.0,254.0,10.4,,1012.5,
UA,2/11/2019,607,N801UA,ORD,20:49,20:41,109,109,-8,20:36,5,0,0,0,0,0,2019-02-11,-2.2,-2.7,-0.5,4.8,30.0,62.0,19.8,,1019.8,
UA,2/11/2020,1643,N805UA,ORD,21:19,20:55,109,91,-24,20:50,5,0,0,0,0,0,2020-02-11,-0.7,-3.2,1.7,0.0,0.0,261.0,15.5,,1020.4,
UA,2/11/2022,1094,N489UA,ORD,20:59,21:28,109,109,29,21:22,6,29,0,0,0,0,2022-02-11,2.4,-2.1,6.7,2.0,0.0,249.0,24.1,,1003.0,
UA,2/11/2022,1200,N853UA,DEN,15:09,14:52,199,185,-17,14:47,5,0,0,0,0,0,2022-02-11,4.0,-4.9,8.3,6.1,0.0,355.0,18.0,,1019.1,
UA,2/11/2022,1874,N66828,IAD,23:29,23:16,69,67,-13,23:10,6,0,0,0,0,0,2022-02-11,6.1,-4.9,19.4,0.0,0.0,212.0,15.5,,1013.4,
UA,2/12/2019,607,N841UA,ORD,20:49,21:44,109,148,55,21:37,7,0,0,39,0,16,2019-02-12,0.0,-7.1,1.1,8.9,30.0,284.0,22.0,,1003.5,
UA,2/12/2020,1643,N54711,ORD,21:19,21:39,109,103,20,21:34,5,0,20,0,0,0,2020-02-12,-1.3,-4.3,2.8,4.6,0.0,211.0,8.6,,1015.9,
UA,2/12/2022,1094,N838UA,ORD,20:59,21:47,109,98,48,21:41,6,39,0,0,0,9,2022-02-12,-5.8,-10.5,-2.1,0.0,0.0,313.0,18.0,,1025.5,
UA,2/12/2022,1200,N818UA,DEN,15:09,15:25,199,196,16,15:20,5,16,0,0,0,0,2022-02-12,-3.9,-11.0,4.4,0.0,80.0,191.0,15.5,,1029.2,
UA,2/12/2022,1874,N62889,IAD,23:29,23:21,69,66,-8,23:16,5,0,0,0,0,0,2022-02-12,12.6,4.4,15.0,0.3,0.0,302.0,15.8,,1015.5,
UA,2/13/2019,607,N820UA,ORD,20:49,20:40,109,103,-9,20:33,7,0,0,0,0,0,2019-02-13,-7.5,-12.1,-2.7,0.3,50.0,243.0,20.5,,1013.2,
UA,2/13/2020,1643,N77518,ORD,21:19,0:17,109,112,178,0:12,5,0,15,3,0,160,2020-02-13,-4.4,-15.5,0.0,0.8,80.0,307.0,19.8,,1019.8,
UA,2/13/2022,1094,N880UA,ORD,20:59,20:52,109,104,-7,20:46,6,0,0,0,0,0,2022-02-13,-9.2,-11.0,-6.6,0.0,0.0,304.0,11.5,,1026.1,
UA,2/13/2022,1200,N483UA,DEN,15:09,14:59,199,188,-10,14:53,6,0,0,0,0,0,2022-02-13,1.5,-6.6,13.9,0.0,50.0,224.0,15.5,,1023.4,
UA,2/13/2022,1874,N68811,IAD,23:29,23:21,69,64,-8,23:15,6,0,0,0,0,0,2022-02-13,2.6,-4.3,4.4,4.8,30.0,351.0,12.6,,1020.1,
UA,2/14/2019,607,N848UA,ORD,21:20,21:12,105,102,-8,21:07,5,0,0,0,0,0,2019-02-14,2.3,-2.7,10.0,0.0,30.0,199.0,16.9,,1002.8,
UA,2/14/2019,964,N804UA,ORD,16:50,16:32,110,95,-18,16:28,4,0,0,0,0,0,2019-02-14,2.3,-2.7,10.0,0.0,30.0,199.0,16.9,,1002.8,
UA,2/14/2020,1643,N17719,ORD,23:51,0:54,106,91,63,0:50,4,6,0,0,0,57,2020-02-14,-14.4,-18.8,-9.3,0.0,80.0,244.0,12.6,,1034.2,
UA,2/14/2022,1094,N823UA,ORD,20:59,20:47,109,99,-12,20:42,5,0,0,0,0,0,2022-02-14,-8.4,-9.9,-3.2,0.0,0.0,217.0,10.1,,1026.4,
UA,2/14/2022,1200,N403UA,DEN,15:09,15:14,199,195,5,15:08,6,0,0,0,0,0,2022-02-14,6.1,-3.2,16.1,0.0,0.0,200.0,13.3,,1015.1,
UA,2/14/2022,1874,N66848,IAD,23:29,23:19,69,67,-10,23:13,6,0,0,0,0,0,2022-02-14,-2.8,-6.0,-0.5,0.0,0.0,307.0,15.1,,1024.5,
UA,2/15/2019,607,N429UA,ORD,21:20,21:27,105,97,7,21:22,5,0,0,0,0,0,2019-02-15,-5.1,-13.2,0.0,0.0,0.0,284.0,20.2,,1013.0,
UA,2/15/2020,617,N27722,ORD,21:19,21:02,109,93,-17,20:58,4,0,0,0,0,0,2020-02-15,-7.5,-13.8,0.6,0.0,80.0,204.0,20.5,,1021.0,
UA,2/15/2022,1094,N825UA,ORD,20:59,20:52,109,105,-7,20:48,4,0,0,0,0,0,2022-02-15,-2.2,-5.5,7.2,0.0,0.0,144.0,16.9,,1025.7,
UA,2/15/2022,1200,N873UA,DEN,15:09,14:55,199,188,-14,14:50,5,0,0,0,0,0,2022-02-15,6.6,-1.0,13.9,0.0,0.0,249.0,13.0,,1003.4,
UA,2/15/2022,1874,N66893,IAD,23:29,23:04,69,61,-25,22:59,5,0,0,0,0,0,2022-02-15,-3.0,-8.8,3.9,0.0,0.0,187.0,6.5,,1036.6,
UA,2/16/2019,607,N447UA,ORD,21:20,21:03,105,94,-17,20:57,6,0,0,0,0,0,2019-02-16,-7.4,-10.5,-1.6,0.0,0.0,17.0,14.4,,1019.3,
UA,2/16/2020,1643,N27722,ORD,21:19,20:56,109,95,-23,20:53,3,0,0,0,0,0,2020-02-16,-1.1,-6.6,6.1,0.0,50.0,264.0,5.8,,1019.9,
UA,2/16/2022,1094,N876UA,ORD,20:59,21:40,109,90,41,21:35,5,0,0,0,0,41,2022-02-16,7.6,5.0,12.8,21.1,0.0,207.0,25.6,,1009.8,
UA,2/16/2022,1200,N881UA,DEN,15:09,14:45,199,173,-24,14:40,5,0,0,0,0,0,2022-02-16,0.4,-8.8,1.1,6.1,80.0,57.0,16.2,,1009.6,
UA,2/16/2022,1874,N68807,IAD,23:29,23:22,69,74,-7,23:18,4,0,0,0,0,0,2022-02-16,2.9,-2.7,12.8,0.0,0.0,168.0,12.6,,1034.5,
UA,2/17/2019,607,,ORD,21:20,0:00,105,0,0,0:00,0,0,0,0,0,0,2019-02-17,-3.7,-4.3,-2.7,5.1,0.0,69.0,18.0,,1012.9,
UA,2/17/2020,1643,N17730,ORD,21:19,20:58,109,96,-21,20:54,4,0,0,0,0,0,2020-02-17,1.4,-2.1,5.0,3.3,30.0,120.0,14.8,,1015.9,
UA,2/17/2022,1094,N825UA,ORD,20:59,22:40,109,103,101,22:33,7,0,0,0,0,101,2022-02-17,1.8,-8.8,5.0,5.6,0.0,356.0,31.0,,1014.5,
UA,2/17/2022,1200,N821UA,DEN,15:09,15:28,199,182,19,15:24,4,19,0,0,0,0,2022-02-17,-6.6,-9.9,-1.6,0.8,100.0,209.0,10.8,,1022.7,
UA,2/17/2022,1874,N28478,IAD,23:29,0:14,69,61,45,0:09,5,0,0,0,0,45,2022-02-17,12.3,6.7,20.0,0.0,0.0,188.0,25.9,,1017.6,
UA,2/18/2019,607,N825UA,ORD,21:20,21:21,105,107,1,21:15,6,0,0,0,0,0,2019-02-18,-3.8,-7.7,-0.5,1.5,100.0,339.0,12.2,,1026.4,
UA,2/18/2020,1643,N17752,ORD,21:19,20:55,109,98,-24,20:51,4,0,0,0,0,0,2020-02-18,2.7,-3.8,3.9,0.0,0.0,279.0,22.0,,1019.4,
UA,2/18/2022,1094,N419UA,ORD,20:59,20:54,109,102,-5,20:48,6,0,0,0,0,0,2022-02-18,-8.3,-13.8,-0.5,0.0,50.0,242.0,23.8,,1018.2,
UA,2/18/2022,1200,N838UA,DEN,15:09,14:52,199,183,-17,14:46,6,0,0,0,0,0,2022-02-18,-0.8,-7.1,7.8,0.0,80.0,204.0,13.7,,1022.0,
UA,2/18/2022,1874,N36469,IAD,23:29,23:42,69,67,13,23:36,6,0,0,0,0,0,2022-02-18,12.3,-4.3,19.4,1.0,0.0,290.0,26.3,,1011.2,
UA,2/19/2019,607,N809UA,ORD,21:20,20:55,105,93,-25,20:49,6,0,0,0,0,0,2019-02-19,-5.7,-11.0,1.7,0.0,80.0,87.0,7.6,,1034.6,
UA,2/19/2020,1643,N24715,ORD,21:19,20:59,109,94,-20,20:55,4,0,0,0,0,0,2020-02-19,-4.1,-8.8,-0.5,0.0,0.0,322.0,14.0,,1035.5,
UA,2/19/2022,1094,N424UA,ORD,20:59,21:11,109,95,12,21:05,6,0,0,0,0,0,2022-02-19,-7.1,-12.7,-3.8,0.0,50.0,266.0,22.7,,1026.6,
UA,2/19/2022,1200,N460UA,DEN,15:09,15:16,199,194,7,15:11,5,0,0,0,0,0,2022-02-19,3.4,-3.2,15.0,0.0,30.0,215.0,15.8,,1016.1,
UA,2/19/2022,1874,N64809,IAD,23:29,23:37,69,73,8,23:31,6,0,0,0,0,0,2022-02-19,0.2,-6.6,8.9,0.0,0.0,292.0,23.8,,1020.5,
UA,2/20/2019,607,N826UA,ORD,21:20,22:32,105,81,72,22:28,4,0,0,2,0,70,2019-02-20,-0.5,-2.1,3.3,2.3,50.0,145.0,22.3,,1012.8,
UA,2/20/2020,1643,N39728,ORD,21:19,21:18,109,108,-1,21:14,4,0,0,0,0,0,2020-02-20,-7.3,-12.7,-3.8,0.0,0.0,319.0,14.4,,1039.4,
UA,2/20/2022,1094,N818UA,ORD,20:59,21:47,109,106,48,21:43,4,0,0,0,0,48,2022-02-20,-1.4,-8.2,8.3,0.0,30.0,208.0,27.7,,1014.0,
UA,2/20/2022,1200,N822UA,DEN,15:09,14:47,199,180,-22,14:41,6,0,0,0,0,0,2022-02-20,8.3,0.6,17.2,0.0,0.0,203.0,16.9,,1005.2,
UA,2/20/2022,1874,N69830,IAD,23:29,23:22,69,65,-7,23:17,5,0,0,0,0,0,2022-02-20,-1.9,-9.9,6.7,0.0,0.0,178.0,11.5,,1030.2,
UA,2/21/2019,607,N803UA,ORD,21:20,21:17,105,108,-3,21:13,4,0,0,0,0,0,2019-02-21,-0.6,-4.3,1.7,0.0,30.0,258.0,17.3,,1021.5,
UA,2/21/2020,1643,N876UA,ORD,23:51,23:44,106,96,-7,23:41,3,0,0,0,0,0,2020-02-21,-5.9,-11.0,3.3,0.0,0.0,226.0,20.5,,1033.2,
UA,2/21/2022,1094,N836UA,ORD,20:59,20:40,109,100,-19,20:36,4,0,0,0,0,0,2022-02-21,4.2,0.0,8.9,0.0,0.0,34.0,12.6,,1013.4,
UA,2/21/2022,1200,N811UA,DEN,15:09,14:54,199,181,-15,14:49,5,0,0,0,0,0,2022-02-21,4.2,-16.6,12.8,0.0,0.0,106.0,25.6,,1003.6,
UA,2/21/2022,1874,N69804,IAD,23:29,23:21,69,67,-8,23:17,4,0,0,0,0,0,2022-02-21,7.3,-2.1,19.4,0.0,0.0,174.0,12.2,,1025.5,
UA,2/22/2019,607,N836UA,ORD,21:20,21:46,105,88,26,21:41,5,0,0,0,0,26,2019-02-22,-1.9,-7.1,5.0,0.0,0.0,44.0,12.2,,1029.2,
UA,2/22/2020,617,N24736,ORD,21:19,23:28,109,95,129,23:25,3,0,0,1,0,128,2020-02-22,2.2,-2.1,10.6,0.0,0.0,213.0,22.0,,1022.2,
UA,2/22/2022,1094,N816UA,ORD,20:59,20:35,109,88,-24,20:30,5,0,0,0,0,0,2022-02-22,3.4,-4.9,6.7,22.1,0.0,359.0,19.4,,1009.9,
UA,2/22/2022,1200,N484UA,DEN,15:09,15:48,199,210,39,15:43,5,17,0,11,0,11,2022-02-22,-15.1,-19.3,-13.2,2.3,0.0,41.0,16.2,,1025.4,
UA,2/22/2022,1874,N62889,IAD,23:29,0:02,69,65,33,23:57,5,0,0,0,0,33,2022-02-22,12.5,5.0,18.3,1.0,0.0,182.0,20.5,,1020.3,
UA,2/23/2019,607,N831UA,ORD,21:20,21:15,105,105,-5,21:11,4,0,0,0,0,0,2019-02-23,2.0,1.1,11.7,19.1,0.0,91.0,16.6,,1011.2,
UA,2/23/2020,1643,N17730,ORD,21:19,0:15,109,99,176,0:11,4,23,0,0,0,153,2020-02-23,6.3,1.7,12.8,0.0,0.0,225.0,16.9,,1014.4,
UA,2/23/2022,1094,N422UA,ORD,20:59,20:33,109,86,-26,20:28,5,0,0,0,0,0,2022-02-23,-5.9,-9.3,-4.9,0.0,0.0,341.0,18.4,,1031.0,
UA,2/23/2022,1200,N819UA,DEN,15:09,14:51,199,173,-18,14:46,5,0,0,0,0,0,2022-02-23,-16.1,-21.6,-9.9,0.5,30.0,25.0,13.0,,1026.0,
UA,2/23/2022,1874,N69818,IAD,23:29,23:18,69,61,-11,23:13,5,0,0,0,0,0,2022-02-23,18.4,4.4,24.4,0.0,0.0,247.0,21.2,,1018.1,
UA,2/24/2019,607,N448UA,ORD,21:20,21:20,105,110,0,21:14,6,0,0,0,0,0,2019-02-24,3.0,-12.1,10.0,0.5,0.0,253.0,39.2,,1003.3,
UA,2/24/2020,1643,N17730,ORD,21:19,21:02,109,102,-17,20:58,4,0,0,0,0,0,2020-02-24,5.2,1.7,6.1,0.0,0.0,25.0,19.8,,1012.1,
UA,2/24/2022,1094,N871UA,ORD,20:59,21:57,109,159,58,21:53,4,8,0,50,0,0,2022-02-24,-4.6,-6.0,-2.7,2.8,0.0,54.0,18.7,,1027.0,
UA,2/24/2022,1200,N828UA,DEN,15:09,14:56,199,175,-13,14:52,4,0,0,0,0,0,2022-02-24,-13.2,-16.0,-6.0,3.3,50.0,170.0,12.6,,1021.3,
UA,2/24/2022,1874,N69885,IAD,23:29,23:19,69,60,-10,23:15,4,0,0,0,0,0,2022-02-24,3.2,0.6,4.4,13.2,0.0,41.0,11.9,,1028.7,
UA,2/25/2019,607,N814UA,ORD,21:20,22:28,105,104,68,22:22,6,0,0,0,0,68,2019-02-25,-10.9,-14.3,-7.1,0.0,0.0,293.0,16.9,,1030.1,
UA,2/25/2020,1643,N38727,ORD,21:19,21:11,109,100,-8,21:06,5,0,0,0,0,0,2020-02-25,3.2,0.6,5.0,1.5,0.0,23.0,37.4,,1014.8,
UA,2/25/2022,1094,N415UA,ORD,20:59,20:59,109,97,0,20:52,7,0,0,0,0,0,2022-02-25,-3.7,-7.7,-0.5,1.8,80.0,315.0,11.9,,1028.9,
UA,2/25/2022,1200,,DEN,15:09,0:00,199,0,0,0:00,0,0,0,0,0,0,2022-02-25,-11.1,-16.6,-2.7,0.0,50.0,280.0,10.8,,1028.5,
UA,2/25/2022,1874,N37422,IAD,23:29,1:48,69,71,139,1:43,5,0,0,2,0,137,2022-02-25,3.7,0.0,13.9,5.8,0.0,276.0,18.4,,1021.3,
UA,2/26/2019,607,N838UA,ORD,21:20,21:49,105,105,29,21:44,5,29,0,0,0,0,2019-02-26,-8.4,-10.5,-4.9,0.0,0.0,45.0,20.2,,1031.8,
UA,2/26/2020,1643,N17719,ORD,21:19,21:23,109,103,4,21:20,3,0,0,0,0,0,2020-02-26,-0.6,-3.2,0.6,2.5,30.0,348.0,25.9,,1018.6,
UA,2/26/2022,1094,N403UA,ORD,20:59,20:50,109,101,-9,20:45,5,0,0,0,0,0,2022-02-26,-6.2,-10.5,-0.5,0.0,30.0,235.0,16.9,,1031.1,
UA,2/26/2022,1200,N873UA,DEN,15:09,15:22,199,207,13,15:17,5,0,0,0,0,0,2022-02-26,-5.9,-13.8,3.9,0.0,30.0,220.0,10.4,,1028.1,
UA,2/26/2022,1874,N78438,IAD,23:29,23:33,69,65,4,23:28,5,0,0,0,0,0,2022-02-26,2.7,0.0,6.1,0.0,0.0,335.0,11.9,,1029.8,
UA,2/27/2019,607,N827UA,ORD,21:20,21:16,105,104,-4,21:09,7,0,0,0,0,0,2019-02-27,-4.1,-9.9,-1.0,0.0,0.0,345.0,16.2,,1022.4,
UA,2/27/2020,1643,N17719,ORD,21:19,21:12,109,110,-7,21:09,3,0,0,0,0,0,2020-02-27,-2.5,-6.0,0.0,0.0,30.0,286.0,15.8,,1018.0,
UA,2/27/2022,1094,N485UA,ORD,20:59,21:01,109,112,2,20:56,5,0,0,0,0,0,2022-02-27,0.2,-3.2,6.1,0.0,0.0,280.0,13.0,,1023.4,
UA,2/27/2022,1200,N895UA,DEN,15:09,15:20,199,198,11,15:14,6,0,0,0,0,0,2022-02-27,1.3,-6.6,15.0,0.0,0.0,196.0,13.7,,1025.0,
UA,2/27/2022,1874,N65832,IAD,23:29,23:24,69,68,-5,23:19,5,0,0,0,0,0,2022-02-27,3.8,-2.1,12.8,0.0,0.0,303.0,11.5,,1020.1,
UA,2/28/2019,607,N805UA,ORD,21:20,21:11,105,102,-9,21:07,4,0,0,0,0,0,2019-02-28,-7.8,-11.6,-2.7,0.0,0.0,356.0,7.2,,1024.5,
UA,2/28/2020,1643,N73275,ORD,0:13,0:05,106,106,-8,0:01,4,0,0,0,0,0,2020-02-28,-4.3,-7.1,-1.0,0.0,30.0,300.0,14.8,,1018.4,
UA,2/28/2022,1094,N808UA,ORD,20:59,21:03,109,102,4,20:59,4,0,0,0,0,0,2022-02-28,2.6,-2.7,11.7,0.0,0.0,196.0,16.9,,1018.4,
UA,2/28/2022,1200,N824UA,DEN,15:09,15:00,199,185,-9,14:54,6,0,0,0,0,0,2022-02-28,7.1,0.6,18.3,0.0,0.0,230.0,15.5,,1020.7,
UA,2/28/2022,1874,N64844,IAD,23:29,23:32,69,64,3,23:27,5,0,0,0,0,0,2022-02-28,5.8,-1.0,9.4,0.0,0.0,22.0,11.9,,1022.9,
UA,2/29/2020,617,N13716,ORD,21:19,22:10,109,102,51,22:04,6,0,0,11,0,40,2020-02-29,-3.5,-8.2,2.8,0.0,0.0,256.0,14.4,,1021.7,
UA,3/1/2019,607,N803UA,ORD,21:20,21:40,105,94,20,21:37,3,1,0,0,0,19,2019-03-01,-2.9,-4.9,1.1,0.0,0.0,42.0,9.4,,1022.0,
UA,3/1/2020,1643,N38727,ORD,21:19,20:52,109,92,-27,20:48,4,0,0,0,0,0,2020-03-01,4.8,-1.0,15.6,0.0,0.0,197.0,20.9,,1009.9,
UA,3/1/2022,1094,N852UA,ORD,20:59,20:51,109,103,-8,20:46,5,0,0,0,0,0,2022-03-01,6.9,2.2,12.2,0.0,0.0,345.0,11.9,,1015.2,
UA,3/1/2022,1200,N823UA,DEN,15:09,15:02,199,190,-7,14:56,6,0,0,0,0,0,2022-03-01,10.8,3.3,20.6,0.0,0.0,185.0,16.2,,1018.1,
UA,3/1/2022,1874,N28478,IAD,23:29,23:34,69,80,5,23:28,6,0,0,0,0,0,2022-03-01,5.0,-0.5,13.3,0.0,0.0,174.0,14.0,,1019.1,
UA,3/2/2019,607,N805UA,ORD,20:45,21:17,105,95,32,21:10,7,32,0,0,0,0,2019-03-02,-1.6,-3.8,0.6,0.0,0.0,355.0,13.7,,1023.6,
UA,3/2/2020,1643,N27724,ORD,21:19,21:21,109,109,2,21:15,6,0,0,0,0,0,2020-03-02,7.6,1.1,10.0,0.0,0.0,282.0,9.4,,1006.6,
UA,3/2/2022,1094,N484UA,ORD,20:59,20:52,109,107,-7,20:46,6,0,0,0,0,0,2022-03-02,5.2,0.6,14.4,0.0,0.0,109.0,15.5,,1018.0,
UA,3/2/2022,1200,N4888U,DEN,15:09,14:52,199,188,-17,14:46,6,0,0,0,0,0,2022-03-02,12.5,5.6,23.3,0.0,0.0,240.0,16.6,,1017.1,
UA,3/2/2022,1874,N61882,IAD,23:29,23:30,69,72,1,23:23,7,0,0,0,0,0,2022-03-02,9.3,-0.5,17.2,0.0,0.0,338.0,6.8,,1015.7,
UA,3/3/2019,607,N467UA,ORD,21:20,23:42,105,105,142,23:36,6,6,0,0,0,136,2019-03-03,-5.4,-16.0,-3.8,0.0,0.0,325.0,19.4,,1023.8,
UA,3/3/2019,1419,N24706,ORD,11:45,11:49,110,97,4,11:45,4,0,0,0,0,0,2019-03-03,-5.4,-16.0,-3.8,0.0,0.0,325.0,19.4,,1023.8,
UA,3/3/2020,1643,N14704,ORD,21:19,21:06,109,99,-13,21:02,4,0,0,0,0,0,2020-03-03,3.6,0.0,9.4,0.0,0.0,242.0,18.4,,1003.7,
UA,3/3/2022,1094,N827UA,ORD,20:59,21:34,109,111,35,21:28,6,33,0,2,0,0,2022-03-03,1.1,-2.1,2.2,0.0,0.0,50.0,19.1,,1028.9,
UA,3/3/2022,1200,N892UA,DEN,15:09,14:52,199,185,-17,14:47,5,0,0,0,0,0,2022-03-03,11.9,3.3,22.8,0.0,0.0,222.0,16.6,,1013.0,
UA,3/4/2019,607,N843UA,ORD,21:20,21:21,105,106,1,21:16,5,0,0,0,0,0,2019-03-04,-14.9,-19.3,-11.0,0.0,0.0,269.0,24.1,,1023.3,
UA,3/4/2020,1643,N13720,ORD,21:19,21:05,109,100,-14,20:58,7,0,0,0,0,0,2020-03-04,5.4,0.0,9.4,0.0,0.0,283.0,12.6,,1013.6,
UA,3/4/2022,1094,N839UA,ORD,20:58,20:32,109,90,-26,20:27,5,0,0,0,0,0,2022-03-04,0.6,-2.1,5.0,0.0,0.0,95.0,14.0,,1027.8,
UA,3/4/2022,1200,N471UA,DEN,15:05,15:50,200,180,45,15:46,4,4,0,0,0,41,2022-03-04,10.7,0.0,18.9,0.0,0.0,217.0,16.9,,1003.6,
UA,3/4/2022,1874,N829UA,IAD,23:19,23:25,69,75,6,23:21,4,0,0,0,0,0,2022-03-04,2.1,-4.9,8.3,0.0,0.0,123.0,8.3,,1032.4,
UA,3/5/2019,607,N843UA,ORD,20:45,20:49,105,104,4,20:42,7,0,0,0,0,0,2019-03-05,-11.2,-13.2,-6.0,0.0,0.0,270.0,24.8,,1021.2,
UA,3/5/2020,1643,N16703,ORD,20:52,20:26,112,90,-26,20:24,2,0,0,0,0,0,2020-03-05,5.5,0.6,11.7,0.0,0.0,220.0,23.0,,1014.3,
UA,3/5/2022,1094,N821UA,ORD,20:58,21:23,109,108,25,21:19,4,5,0,0,0,20,2022-03-05,9.2,3.9,20.6,3.0,0.0,174.0,23.0,,1010.9,
UA,3/5/2022,1200,N408UA,DEN,15:05,15:10,200,197,5,15:06,4,0,0,0,0,0,2022-03-05,3.3,-6.6,4.4,4.6,0.0,44.0,16.9,,1009.2,
UA,3/5/2022,1874,N879UA,IAD,23:19,23:17,69,69,-2,23:12,5,0,0,0,0,0,2022-03-05,6.3,-0.5,16.1,0.0,0.0,144.0,12.2,,1028.5,
UA,3/6/2019,607,N895UA,ORD,21:20,21:21,105,108,1,21:16,5,0,0,0,0,0,2019-03-06,-8.7,-12.7,-1.0,0.0,0.0,258.0,19.1,,1025.7,
UA,3/6/2020,1643,N13716,ORD,20:52,20:58,112,112,6,20:54,4,0,0,0,0,0,2020-03-06,2.7,-2.1,4.4,0.0,0.0,358.0,23.0,,1026.7,
UA,3/6/2022,1094,N892UA,ORD,20:58,21:29,109,101,31,21:23,6,0,0,0,0,31,2022-03-06,8.6,1.7,15.0,0.5,0.0,267.0,25.2,,1012.7,
UA,3/6/2022,1200,N404UA,DEN,15:05,17:04,200,227,119,16:59,5,0,92,27,0,0,2022-03-06,-5.7,-11.0,-5.5,2.3,80.0,48.0,12.6,,1021.2,
UA,3/6/2022,1874,N833UA,IAD,23:19,23:12,69,64,-7,23:08,4,0,0,0,0,0,2022-03-06,17.1,10.0,25.6,0.0,0.0,206.0,22.3,,1018.7,
UA,3/7/2019,607,N848UA,ORD,21:20,21:29,105,96,9,21:23,6,0,0,0,0,0,2019-03-07,-5.2,-9.9,-2.1,0.0,0.0,43.0,9.7,,1027.7,
UA,3/7/2020,561,N448UA,ORD,0:06,23:58,111,110,-8,23:51,7,0,0,0,0,0,2020-03-07,1.4,-3.8,11.7,0.0,0.0,204.0,17.3,,1030.7,
UA,3/7/2022,1094,N893UA,ORD,20:58,20:54,109,105,-4,20:39,15,0,0,0,0,0,2022-03-07,1.3,-1.0,2.2,8.9,30.0,323.0,19.4,,1015.5,
UA,3/7/2022,1200,N453UA,DEN,15:05,15:01,200,194,-4,14:37,24,0,0,0,0,0,2022-03-07,-8.4,-16.0,-0.5,0.0,50.0,118.0,9.4,,1026.0,
UA,3/7/2022,1874,N822UA,IAD,23:19,0:23,69,59,64,0:18,5,64,0,0,0,0,2022-03-07,20.1,10.6,25.0,0.3,0.0,204.0,28.4,,1009.4,
UA,3/8/2019,607,N27722,ORD,21:55,21:51,110,96,-4,21:46,5,0,0,0,0,0,2019-03-08,-2.2,-6.0,3.9,0.0,0.0,91.0,8.6,,1021.9,
UA,3/8/2020,561,N16732,ORD,0:06,23:54,111,104,-12,23:50,4,0,0,0,0,0,2020-03-08,10.3,5.6,19.4,0.0,0.0,,26.6,,,
UA,3/8/2022,1094,N892UA,ORD,20:58,20:34,109,90,-24,20:29,5,0,0,0,0,0,2022-03-08,0.1,-2.7,3.9,0.0,30.0,237.0,11.5,,1021.2,
UA,3/8/2022,1200,N458UA,DEN,15:05,15:20,200,202,15,15:14,6,13,0,2,0,0,2022-03-08,-3.7,-8.8,3.9,0.0,30.0,209.0,12.2,,1016.6,
UA,3/8/2022,1874,N811UA,IAD,23:19,23:07,69,63,-12,23:01,6,0,0,0,0,0,2022-03-08,10.3,5.6,11.7,0.0,0.0,345.0,17.3,,1019.7,
UA,3/9/2019,607,N24702,ORD,21:50,21:57,110,109,7,21:52,5,0,0,0,0,0,2019-03-09,0.8,-3.2,6.1,14.2,0.0,111.0,22.7,,1007.1,
UA,3/9/2020,1643,N16701,ORD,20:52,22:47,112,106,115,22:44,3,0,0,5,0,110,2020-03-09,12.8,8.9,13.9,21.1,0.0,200.0,25.2,,1015.6,
UA,3/9/2022,1094,N893UA,ORD,20:58,20:56,109,108,-2,20:51,5,0,0,0,0,0,2022-03-09,1.3,-2.7,5.0,0.0,0.0,265.0,15.5,,1017.1,
UA,3/9/2022,1200,N453UA,DEN,15:05,15:06,200,190,1,14:59,7,0,0,0,0,0,2022-03-09,-6.7,-15.5,-5.5,2.8,0.0,353.0,21.6,,1016.3,
UA,3/9/2022,1874,N873UA,IAD,23:19,0:18,69,101,59,0:12,6,3,0,32,0,24,2022-03-09,6.1,4.4,7.2,11.7,0.0,50.0,10.8,,1015.5,
UA,3/10/2019,607,N27722,ORD,21:50,22:07,110,93,17,22:02,5,10,0,0,0,7,2019-03-10,2.6,-1.6,3.3,0.0,0.0,,31.7,,,
UA,3/10/2020,1643,N24706,ORD,20:52,20:45,112,111,-7,20:40,5,0,0,0,0,0,2020-03-10,7.7,1.7,10.6,0.0,0.0,13.0,13.3,,1020.4,
UA,3/10/2022,1094,N816UA,ORD,20:58,21:14,109,89,16,21:09,5,2,0,0,0,14,2022-03-10,-2.3,-5.5,-0.5,0.5,0.0,1.0,10.1,,1023.0,
UA,3/10/2022,1200,N488UA,DEN,15:05,15:03,200,176,-2,14:58,5,0,0,0,0,0,2022-03-10,-14.2,-21.6,-7.1,0.0,50.0,102.0,9.0,,1023.3,
UA,3/10/2022,1874,N846UA,IAD,23:19,23:15,69,64,-4,23:10,5,0,0,0,0,0,2022-03-10,5.5,-1.6,11.1,0.0,0.0,21.0,5.0,,1020.7,
UA,3/11/2019,607,N16703,ORD,21:50,21:46,110,108,-4,21:42,4,0,0,0,0,0,2019-03-11,0.0,-2.7,5.0,0.0,0.0,269.0,15.5,,1027.5,
UA,3/11/2020,1643,N21723,ORD,20:52,21:00,112,94,8,20:56,4,0,0,0,0,0,2020-03-11,4.1,2.2,7.2,0.0,0.0,196.0,9.4,,1017.4,
UA,3/11/2022,1094,N878UA,ORD,20:58,20:48,109,96,-10,20:43,5,0,0,0,0,0,2022-03-11,-4.3,-8.8,-0.5,0.3,30.0,283.0,19.4,,1018.5,
UA,3/11/2022,1200,N453UA,DEN,15:05,14:38,200,175,-27,14:32,6,0,0,0,0,0,2022-03-11,-9.8,-16.6,0.6,0.0,30.0,162.0,15.1,,1025.7,
UA,3/11/2022,1874,N851UA,IAD,23:19,23:23,69,67,4,23:16,7,0,0,0,0,0,2022-03-11,7.8,0.6,17.8,0.0,0.0,156.0,11.2,,1015.2,
UA,3/12/2019,607,N825UA,ORD,21:50,21:38,110,101,-12,21:34,4,0,0,0,0,0,2019-03-12,1.8,-4.3,9.4,0.0,0.0,183.0,14.8,,1025.4,
UA,3/12/2020,1643,N68842,ORD,20:52,20:52,112,111,0,20:48,4,0,0,0,0,0,2020-03-12,6.9,2.8,14.4,0.3,0.0,182.0,17.3,,1008.5,
UA,3/12/2022,1094,N818UA,ORD,20:58,21:10,109,115,12,21:06,4,0,0,0,0,0,2022-03-12,-8.1,-11.6,-4.9,0.0,0.0,283.0,21.2,,1021.4,
UA,3/12/2022,1200,N416UA,DEN,15:05,15:07,200,197,2,15:01,6,0,0,0,0,0,2022-03-12,1.8,-7.1,15.0,0.0,0.0,251.0,22.3,,1017.2,
UA,3/12/2022,1874,N828UA,IAD,23:19,0:24,69,70,65,0:19,5,64,0,1,0,0,2022-03-12,3.9,-5.5,8.9,13.5,0.0,299.0,31.0,,1004.8,
UA,3/13/2019,607,N38727,ORD,21:50,21:27,110,91,-23,21:23,4,0,0,0,0,0,2019-03-13,7.2,4.4,14.4,13.7,0.0,169.0,19.1,,1010.6,
UA,3/13/2020,1643,N27722,ORD,20:52,20:44,112,105,-8,20:39,5,0,0,0,0,0,2020-03-13,6.7,1.1,10.0,0.0,0.0,277.0,22.7,,1020.6,
UA,3/13/2022,1094,N845UA,ORD,20:58,20:43,109,95,-15,20:39,4,0,0,0,0,0,2022-03-13,-0.3,-6.0,10.6,0.0,0.0,,18.7,,,
UA,3/13/2022,1200,N469UA,DEN,15:05,15:03,200,187,-2,14:59,4,0,0,0,0,0,2022-03-13,8.1,-2.1,17.2,0.0,0.0,,14.8,,,
UA,3/13/2022,1874,N897UA,IAD,23:19,23:33,69,67,14,23:28,5,0,0,0,0,0,2022-03-13,-2.5,-7.1,6.1,0.0,80.0,,15.8,,,
UA,3/14/2019,607,N27724,ORD,21:50,23:49,110,111,119,23:44,5,0,0,17,0,102,2019-03-14,12.9,3.9,16.7,10.2,0.0,195.0,32.8,,997.6,
UA,3/14/2020,561,N461UA,ORD,0:06,23:45,111,92,-21,23:40,5,0,0,0,0,0,2020-03-14,3.9,0.6,4.4,0.3,0.0,34.0,19.8,,1032.5,
UA,3/14/2022,1094,N877UA,ORD,20:58,20:46,109,101,-12,20:39,7,0,0,0,0,0,2022-03-14,9.1,2.8,17.2,0.0,0.0,220.0,15.8,,1019.0,
UA,3/14/2022,1200,N469UA,DEN,15:05,15:06,200,190,1,15:00,6,0,0,0,0,0,2022-03-14,6.9,-1.6,12.8,0.0,0.0,17.0,20.2,,1018.5,
UA,3/14/2022,1874,N878UA,IAD,23:19,0:25,69,61,66,0:22,3,4,0,0,0,62,2022-03-14,5.1,-4.3,17.2,0.0,0.0,180.0,9.7,,1028.5,
UA,3/15/2019,607,N15710,ORD,21:50,21:44,110,108,-6,21:38,6,0,0,0,0,0,2019-03-15,3.3,0.0,4.4,0.0,0.0,263.0,24.1,,1011.2,
UA,3/15/2020,561,N37274,ORD,0:06,0:12,111,86,6,0:08,4,0,0,0,0,0,2020-03-15,2.1,-0.5,5.6,0.0,0.0,39.0,16.2,,1036.1,
UA,3/15/2022,1094,N854UA,ORD,20:58,20:46,109,103,-12,20:38,8,0,0,0,0,0,2022-03-15,6.2,2.2,12.2,0.0,0.0,50.0,10.1,,1021.4,
UA,3/15/2022,1200,N460UA,DEN,15:05,14:55,200,189,-10,14:50,5,0,0,0,0,0,2022-03-15,8.1,-1.6,21.1,0.0,0.0,238.0,18.4,,1016.5,
UA,3/15/2022,1874,N816UA,IAD,23:19,23:15,69,71,-4,23:09,6,0,0,0,0,0,2022-03-15,12.3,1.7,21.7,0.0,0.0,195.0,7.2,,1023.5,
UA,3/16/2019,607,N16703,ORD,21:50,21:43,110,101,-7,21:39,4,0,0,0,0,0,2019-03-16,1.3,-2.1,5.0,0.0,0.0,278.0,13.7,,1025.7,
UA,3/16/2020,1643,N14704,ORD,20:52,20:59,112,98,7,20:55,4,0,0,0,0,0,2020-03-16,1.7,-1.0,4.4,1.0,0.0,211.0,8.3,,1025.9,
UA,3/16/2022,1094,N812UA,ORD,20:58,21:21,109,94,23,21:17,4,5,0,0,0,18,2022-03-16,9.7,2.2,21.1,0.0,0.0,211.0,12.6,,1014.6,
UA,3/16/2022,1200,N407UA,DEN,15:05,14:48,200,185,-17,14:43,5,0,0,0,0,0,2022-03-16,9.6,0.0,12.8,10.4,0.0,23.0,13.7,,1010.3,
UA,3/16/2022,1874,N4888U,IAD,23:19,23:19,69,61,0,23:15,4,0,0,0,0,0,2022-03-16,12.4,2.2,22.2,0.0,0.0,90.0,7.2,,1020.9,
UA,3/17/2019,607,N16701,ORD,21:50,21:41,110,104,-9,21:36,5,0,0,0,0,0,2019-03-17,1.6,-2.1,6.1,0.0,0.0,275.0,12.2,,1024.6,
UA,3/17/2020,1643,N16709,ORD,20:52,20:27,112,95,-25,20:23,4,0,0,0,0,0,2020-03-17,4.9,2.2,10.0,0.0,0.0,277.0,12.6,,1024.2,
UA,3/17/2022,1094,N817UA,ORD,20:58,21:22,109,127,24,21:00,22,0,0,18,0,6,2022-03-17,14.6,8.3,22.8,0.0,0.0,198.0,12.2,,1011.4,
UA,3/17/2022,1200,N489UA,DEN,15:05,20:22,200,189,317,20:16,6,221,0,0,0,96,2022-03-17,1.3,-1.0,3.3,5.3,100.0,340.0,19.8,,1018.9,
UA,3/17/2022,1874,N892UA,IAD,23:19,23:35,69,70,16,23:30,5,15,0,1,0,0,2022-03-17,13.1,7.8,16.7,2.5,0.0,17.0,9.4,,1014.6,
UA,3/18/2019,607,N15710,ORD,21:50,21:43,110,105,-7,21:38,5,0,0,0,0,0,2019-03-18,1.9,-2.7,6.1,0.0,0.0,277.0,12.2,,1028.0,
UA,3/18/2020,1643,N13716,ORD,20:52,20:56,112,118,4,20:52,4,0,0,0,0,0,2020-03-18,5.4,3.9,7.8,7.4,0.0,101.0,11.2,,1020.7,
UA,3/18/2022,1094,N814UA,ORD,20:58,20:48,109,102,-10,20:44,4,0,0,0,0,0,2022-03-18,7.0,4.4,8.3,16.3,0.0,35.0,27.7,,1009.5,
UA,3/18/2022,1200,N473UA,DEN,15:05,14:54,200,191,-11,14:51,3,0,0,0,0,0,2022-03-18,-0.1,-7.1,6.7,0.0,80.0,199.0,15.1,,1019.2,
UA,3/18/2022,1874,N845UA,IAD,23:19,1:07,69,65,108,1:03,4,0,0,0,0,108,2022-03-18,14.1,5.0,23.9,0.0,0.0,169.0,11.2,,1014.8,
UA,3/19/2019,607,N889UA,ORD,21:50,21:37,110,105,-13,21:32,5,0,0,0,0,0,2019-03-19,3.7,-1.0,9.4,0.0,0.0,226.0,12.6,,1027.8,
UA,3/19/2020,1643,N33714,ORD,20:52,20:23,112,94,-29,20:20,3,0,0,0,0,0,2020-03-19,7.1,5.0,17.8,5.6,0.0,142.0,15.5,,1012.8,
UA,3/19/2022,1094,N879UA,ORD,20:58,20:52,109,108,-6,20:47,5,0,0,0,0,0,2022-03-19,4.3,2.8,6.1,1.5,0.0,330.0,15.5,,1008.2,
UA,3/19/2022,1200,N454UA,DEN,15:05,0:00,200,0,0,0:00,0,0,0,0,0,0,2022-03-19,5.0,-3.2,13.3,0.0,0.0,179.0,18.4,,1016.6,
UA,3/19/2022,1874,N848UA,IAD,23:19,23:24,69,67,5,23:19,5,0,0,0,0,0,2022-03-19,18.4,13.9,24.4,0.0,0.0,196.0,23.4,,1007.8,
UA,3/20/2019,607,N16732,ORD,21:50,21:48,110,113,-2,21:43,5,0,0,0,0,0,2019-03-20,5.4,3.3,6.7,3.6,0.0,206.0,13.7,,1016.8,
UA,3/20/2020,1643,N13716,ORD,20:52,20:11,112,84,-41,20:07,4,0,0,0,0,0,2020-03-20,8.8,-0.5,17.2,1.5,0.0,347.0,24.8,,1019.5,
UA,3/20/2022,1094,N822UA,ORD,20:58,20:55,109,105,-3,20:50,5,0,0,0,0,0,2022-03-20,7.4,1.1,17.2,0.0,0.0,241.0,10.4,,1019.0,
UA,3/20/2022,1200,N410UA,DEN,15:05,15:58,200,206,53,15:52,6,6,0,6,0,41,2022-03-20,9.5,3.3,18.9,0.0,0.0,207.0,20.5,,1005.3,
UA,3/20/2022,1874,N853UA,IAD,23:19,23:42,69,73,23,23:36,6,19,0,4,0,0,2022-03-20,13.8,7.8,14.4,0.0,0.0,306.0,25.9,,1013.5,
UA,3/21/2019,607,N38727,ORD,21:50,21:35,110,102,-15,21:30,5,0,0,0,0,0,2019-03-21,4.3,2.2,7.2,0.0,0.0,307.0,18.0,,1014.6,
UA,3/21/2020,561,,ORD,0:06,0:00,111,0,0,0:00,0,0,0,0,0,0,2020-03-21,-0.4,-3.2,1.7,0.0,0.0,52.0,16.6,,1035.3,
UA,3/21/2022,1094,N844UA,ORD,20:58,20:45,109,100,-13,20:41,4,0,0,0,0,0,2022-03-21,13.3,5.6,23.3,0.0,0.0,200.0,13.7,,1017.7,
UA,3/21/2022,1200,N493UA,DEN,15:05,15:13,200,198,8,15:07,6,0,0,0,0,0,2022-03-21,5.3,-1.6,6.7,0.0,0.0,24.0,30.6,,1013.1,
UA,3/21/2022,1874,N898UA,IAD,23:19,23:28,69,75,9,23:23,5,0,0,0,0,0,2022-03-21,12.2,1.7,21.7,0.0,0.0,291.0,11.2,,1021.2,
UA,3/22/2019,607,N17719,ORD,21:50,21:59,110,116,9,21:50,9,0,0,0,0,0,2019-03-22,4.6,-1.6,7.8,0.0,0.0,13.0,17.6,,1019.2,
UA,3/22/2020,561,,ORD,0:06,0:00,111,0,0,0:00,0,0,0,0,0,0,2020-03-22,-0.7,-3.2,2.8,4.1,0.0,104.0,11.2,,1030.1,
UA,3/22/2022,1094,N854UA,ORD,20:58,20:57,109,90,-1,20:53,4,0,0,0,0,0,2022-03-22,12.1,7.2,13.3,5.6,0.0,89.0,19.1,,1011.2,
UA,3/22/2022,1200,N469UA,DEN,15:05,15:04,200,192,-1,15:01,3,0,0,0,0,0,2022-03-22,1.2,-3.2,6.7,0.0,0.0,340.0,31.7,,1020.9,
UA,3/22/2022,1874,N846UA,IAD,23:19,0:30,69,62,71,0:25,5,0,0,0,0,71,2022-03-22,12.6,3.3,21.1,0.0,0.0,37.0,6.5,,1020.8,
UA,3/23/2019,607,N23721,ORD,21:50,21:32,110,99,-18,21:26,6,0,0,0,0,0,2019-03-23,2.5,-3.8,11.7,0.0,0.0,211.0,7.2,,1025.5,
UA,3/23/2020,1643,N34460,ORD,20:52,20:10,112,92,-42,20:06,4,0,0,0,0,0,2020-03-23,2.0,0.6,7.2,1.3,80.0,333.0,7.6,,1022.1,
UA,3/23/2022,1094,N809UA,ORD,20:58,21:25,109,111,27,21:21,4,6,0,2,0,19,2022-03-23,11.0,7.8,14.4,9.4,0.0,183.0,13.7,,998.2,
UA,3/23/2022,1200,N467UA,DEN,15:05,15:33,200,203,28,15:29,4,25,0,3,0,0,2022-03-23,3.8,-1.6,12.8,0.0,0.0,339.0,32.0,,1018.1,
UA,3/23/2022,1874,N820UA,IAD,23:19,23:37,69,64,18,23:33,4,18,0,0,0,0,2022-03-23,10.6,6.1,13.3,8.9,0.0,84.0,11.5,,1017.3,
UA,3/24/2019,607,N23721,ORD,21:50,21:48,110,111,-2,21:43,5,0,0,0,0,0,2019-03-24,7.5,1.1,10.0,1.3,0.0,113.0,14.0,,1020.1,
UA,3/24/2020,1643,,ORD,20:52,0:00,112,0,0,0:00,0,0,0,0,0,0,2020-03-24,4.2,1.1,9.4,0.0,0.0,80.0,10.4,,1019.3,
UA,3/24/2022,1094,N852UA,ORD,20:58,20:51,109,103,-7,20:45,6,0,0,0,0,0,2022-03-24,7.3,3.9,7.8,6.4,0.0,246.0,12.6,,1004.4,
UA,3/24/2022,1200,N414UA,DEN,15:05,14:57,200,191,-8,14:52,5,0,0,0,0,0,2022-03-24,8.6,0.0,20.6,0.0,0.0,263.0,19.8,,1013.9,
UA,3/24/2022,1874,N844UA,IAD,23:19,23:25,69,66,6,23:19,6,0,0,0,0,0,2022-03-24,11.1,8.3,13.9,1.0,0.0,2.0,10.1,,1009.6,
UA,3/25/2019,607,N38727,ORD,21:50,21:40,110,93,-10,21:38,2,0,0,0,0,0,2019-03-25,2.2,-3.2,5.6,0.0,0.0,25.0,28.1,,1025.1,
UA,3/25/2020,1643,,ORD,20:52,0:00,112,0,0,0:00,0,0,0,0,0,0,2020-03-25,5.9,0.0,14.4,0.0,0.0,220.0,11.9,,1013.1,
UA,3/25/2022,1094,N828UA,ORD,20:58,21:14,109,109,16,21:09,5,16,0,0,0,0,2022-03-25,5.2,1.7,8.3,0.3,0.0,276.0,24.1,,1006.2,
UA,3/25/2022,1200,N462UA,DEN,15:05,14:51,200,189,-14,14:46,5,0,0,0,0,0,2022-03-25,8.4,-1.6,17.2,0.0,0.0,72.0,13.7,,1018.6,
UA,3/25/2022,1874,N423UA,IAD,23:19,23:32,69,68,13,23:26,6,0,0,0,0,0,2022-03-25,11.6,5.0,17.2,0.0,0.0,320.0,12.6,,1005.6,
UA,3/26/2019,607,N853UA,ORD,21:50,21:37,110,102,-13,21:32,5,0,0,0,0,0,2019-03-26,1.6,-4.9,8.9,0.0,0.0,79.0,7.9,,1030.6,
UA,3/26/2020,1643,,ORD,20:52,0:00,112,0,0,0:00,0,0,0,0,0,0,2020-03-26,9.1,3.3,11.1,0.0,0.0,30.0,17.3,,1010.2,
UA,3/26/2022,1094,N876UA,ORD,20:58,20:49,109,103,-9,20:45,4,0,0,0,0,0,2022-03-26,0.7,-3.2,1.7,0.0,0.0,310.0,23.4,,1011.4,
UA,3/26/2022,1200,N449UA,DEN,15:02,15:03,197,202,1,14:58,5,0,0,0,0,0,2022-03-26,12.8,0.6,25.6,0.0,0.0,258.0,18.4,,1011.1,
UA,3/26/2022,1874,N871UA,IAD,23:19,23:30,69,72,11,23:24,6,0,0,0,0,0,2022-03-26,8.9,3.3,10.6,0.0,0.0,286.0,16.9,,1002.9,
UA,3/27/2019,607,N13718,ORD,21:50,21:39,110,94,-11,21:33,6,0,0,0,0,0,2019-03-27,5.4,-1.6,15.0,0.3,0.0,185.0,19.4,,1024.4,
UA,3/27/2020,1643,,ORD,20:52,0:00,112,0,0,0:00,0,0,0,0,0,0,2020-03-27,5.4,2.8,10.0,8.4,0.0,48.0,16.6,,1011.7,
UA,3/27/2022,1041,N845UA,DEN,15:11,15:07,202,195,-4,15:02,5,0,0,0,0,0,2022-03-27,10.1,0.6,22.8,0.0,0.0,325.0,13.3,,1010.3,
UA,3/27/2022,1185,N895UA,ORD,22:19,22:03,113,106,-16,21:58,5,0,0,0,0,0,2022-03-27,-1.7,-5.5,2.2,0.0,0.0,325.0,14.4,,1021.4,
UA,3/27/2022,2027,N822UA,IAD,23:37,23:34,70,75,-3,23:28,6,0,0,0,0,0,2022-03-27,4.4,-0.5,6.1,0.0,0.0,304.0,29.2,,1010.0,
UA,3/28/2019,607,N25705,ORD,21:50,21:23,110,90,-27,21:18,5,0,0,0,0,0,2019-03-28,11.8,6.7,18.3,0.0,0.0,203.0,19.4,,1016.7,
UA,3/28/2020,561,N64844,ORD,0:28,23:46,111,83,-42,23:42,4,0,0,0,0,0,2020-03-28,9.3,6.7,19.4,37.6,0.0,80.0,14.8,,1004.2,
UA,3/28/2022,1041,N466UA,DEN,15:06,15:01,198,196,-5,14:55,6,0,0,0,0,0,2022-03-28,14.9,4.4,26.7,0.0,0.0,244.0,13.7,,1002.9,
UA,3/28/2022,1185,N882UA,ORD,21:59,21:43,113,103,-16,21:37,6,0,0,0,0,0,2022-03-28,-1.9,-5.5,1.7,0.0,0.0,30.0,14.8,,1025.7,
UA,3/28/2022,2027,N875UA,IAD,23:37,23:34,70,72,-3,23:29,5,0,0,0,0,0,2022-03-28,0.8,-3.2,4.4,0.0,0.0,315.0,28.4,,1017.3,
UA,3/29/2019,607,N39728,ORD,21:50,21:25,110,92,-25,21:22,3,0,0,0,0,0,2019-03-29,8.2,2.8,13.9,8.1,0.0,40.0,13.7,,1017.1,
UA,3/29/2020,2039,,ORD,20:48,0:00,108,0,0,0:00,0,0,0,0,0,0,2020-03-29,10.8,6.7,17.2,0.0,0.0,239.0,33.5,,1002.2,
UA,3/29/2022,1041,N466UA,DEN,15:06,15:25,198,216,19,15:22,3,0,0,19,0,0,2022-03-29,10.6,-1.0,12.8,4.3,0.0,347.0,23.4,,997.2,
UA,3/29/2022,1185,N872UA,ORD,21:59,0:49,113,96,170,0:44,5,0,0,0,0,170,2022-03-29,0.8,-1.6,6.7,0.0,0.0,110.0,24.1,,1019.9,
UA,3/29/2022,2027,N873UA,IAD,23:37,23:25,70,65,-12,23:22,3,0,0,0,0,0,2022-03-29,0.1,-5.5,8.3,0.0,0.0,321.0,15.1,,1024.5,
UA,3/30/2019,607,N454UA,ORD,21:50,21:51,110,89,1,21:47,4,0,0,0,0,0,2019-03-30,4.3,-1.6,7.2,1.8,0.0,2.0,20.9,,1013.2,
UA,3/30/2020,2039,,ORD,20:48,0:00,108,0,0,0:00,0,0,0,0,0,0,2020-03-30,7.4,3.9,10.6,0.0,0.0,309.0,16.9,,1018.7,
UA,3/30/2022,1041,N407UA,DEN,15:06,14:58,198,194,-8,14:44,14,0,0,0,0,0,2022-03-30,0.7,-4.9,8.9,0.0,0.0,33.0,14.8,,1009.3,
UA,3/30/2022,1185,N893UA,ORD,21:59,21:53,113,105,-6,21:48,5,0,0,0,0,0,2022-03-30,10.0,6.7,15.6,28.7,0.0,175.0,18.7,,996.4,
UA,3/30/2022,2027,N809UA,IAD,23:37,23:23,70,68,-14,23:18,5,0,0,0,0,0,2022-03-30,5.6,-2.7,16.1,0.5,0.0,129.0,10.8,,1019.8,
UA,3/31/2019,607,N38727,ORD,20:55,20:34,110,97,-21,20:29,5,0,0,0,0,0,2019-03-31,-0.7,-4.9,4.4,0.0,0.0,328.0,18.4,,1025.5,
UA,3/31/2020,1453,,ORD,20:48,0:00,108,0,0,0:00,0,0,0,0,0,0,2020-03-31,4.3,2.8,6.1,0.0,0.0,22.0,20.2,,1018.1,
UA,3/31/2021,1224,N39423,ORD,21:36,21:14,116,95,-22,21:09,5,0,0,0,0,0,2021-03-31,5.6,0.0,6.7,0.0,0.0,293.0,22.7,,1021.3,
UA,3/31/2022,1041,N493UA,DEN,15:06,14:55,198,195,-11,14:49,6,0,0,0,0,0,2022-03-31,5.5,-3.2,16.7,0.0,0.0,191.0,14.8,,1006.9,
UA,3/31/2022,1185,N854UA,ORD,21:59,22:35,113,95,36,22:31,4,13,0,0,0,23,2022-03-31,6.7,0.6,8.9,12.4,0.0,290.0,16.2,,996.2,
UA,3/31/2022,2027,N845UA,IAD,23:37,1:03,70,59,86,0:58,5,0,0,0,0,86,2022-03-31,17.6,12.8,25.0,10.4,0.0,180.0,24.5,,1002.8,
UA,4/1/2019,607,N17752,ORD,21:02,21:00,110,110,-2,20:55,5,0,0,0,0,0,2019-04-01,1.7,-3.2,9.4,0.0,0.0,193.0,20.5,,1024.2,
UA,4/1/2020,1453,,ORD,20:48,0:00,108,0,0,0:00,0,0,0,0,0,0,2020-04-01,5.9,3.3,11.7,0.0,0.0,23.0,11.2,,1018.6,
UA,4/1/2021,1224,N69835,ORD,21:36,23:11,116,0,0,23:04,7,0,0,0,0,0,2021-04-01,0.8,-4.3,4.4,0.0,0.0,15.0,18.7,,1032.1,
UA,4/1/2022,1041,N448UA,DEN,15:06,15:09,198,201,3,15:05,4,0,0,0,0,0,2022-04-01,8.5,0.6,13.3,0.0,0.0,37.0,16.9,,1008.5,
UA,4/1/2022,1185,N467UA,ORD,21:59,22:46,113,101,47,22:41,5,0,0,0,0,47,2022-04-01,2.6,-0.5,7.8,0.0,0.0,318.0,14.4,,1015.9,
UA,4/1/2022,2027,N844UA,IAD,23:37,1:02,70,70,85,0:56,6,50,0,0,0,35,2022-04-01,12.7,6.7,16.1,1.0,0.0,304.0,24.1,,1007.9,
UA,4/2/2019,607,N459UA,ORD,21:02,20:42,110,98,-20,20:38,4,0,0,0,0,0,2019-04-02,7.1,3.9,12.8,0.0,0.0,228.0,22.7,,1016.0,
UA,4/2/2020,1453,,ORD,20:48,0:00,108,0,0,0:00,0,0,0,0,0,0,2020-04-02,7.7,1.1,16.1,0.0,0.0,84.0,7.9,,1020.7,
UA,4/2/2021,1224,N897UA,ORD,21:46,21:29,116,101,-17,21:25,4,0,0,0,0,0,2021-04-02,2.2,-3.2,10.6,0.0,0.0,205.0,14.0,,1031.5,
UA,4/2/2022,1041,N897UA,DEN,15:11,14:54,202,192,-17,14:49,5,0,0,0,0,0,2022-04-02,6.9,-1.0,20.6,0.0,0.0,178.0,12.2,,1012.8,
UA,4/2/2022,2027,N830UA,IAD,23:37,23:29,70,63,-8,23:24,5,0,0,0,0,0,2022-04-02,7.7,1.1,14.4,0.0,0.0,265.0,9.4,,1018.4,
UA,4/3/2019,607,N15751,ORD,21:02,20:52,110,105,-10,20:47,5,0,0,0,0,0,2019-04-03,7.5,2.8,14.4,0.0,0.0,251.0,15.1,,1023.1,
UA,4/3/2020,1453,,ORD,20:48,0:00,108,0,0,0:00,0,0,0,0,0,0,2020-04-03,12.7,7.8,21.1,0.0,0.0,114.0,10.4,,1017.1,
UA,4/3/2021,1224,N427UA,ORD,18:33,18:13,113,100,-20,18:08,5,0,0,0,0,0,2021-04-03,10.7,4.4,21.7,0.0,0.0,228.0,20.9,,1020.7,
UA,4/3/2022,1041,N436UA,DEN,15:11,15:16,202,190,5,15:09,7,0,0,0,0,0,2022-04-03,9.1,1.7,11.1,0.0,0.0,95.0,13.0,,1012.3,
UA,4/3/2022,1185,N844UA,ORD,22:04,22:47,113,98,43,22:42,5,43,0,0,0,0,2022-04-03,4.4,0.6,10.0,4.3,0.0,41.0,8.3,,1016.7,
UA,4/3/2022,2027,N479UA,IAD,23:37,23:38,70,71,1,23:30,8,0,0,0,0,0,2022-04-03,9.8,4.4,15.6,0.0,0.0,310.0,17.3,,1011.5,
UA,4/4/2019,607,N39728,ORD,21:02,21:03,110,114,1,20:59,4,0,0,0,0,0,2019-04-04,7.8,3.9,8.3,6.4,0.0,72.0,15.8,,1026.1,
UA,4/4/2020,1453,,ORD,20:48,0:00,108,0,0,0:00,0,0,0,0,0,0,2020-04-04,8.7,2.8,11.1,1.5,0.0,354.0,12.2,,1019.0,
UA,4/4/2021,1224,N896UA,ORD,21:46,22:00,116,95,14,21:55,5,0,0,0,0,0,2021-04-04,15.4,6.1,24.4,0.0,0.0,190.0,9.4,,1019.0,
UA,4/4/2022,1041,N837UA,DEN,15:06,14:54,198,192,-12,14:49,5,0,0,0,0,0,2022-04-04,8.8,0.0,19.4,0.0,0.0,206.0,14.4,,1004.6,
UA,4/4/2022,1185,N832UA,ORD,21:59,21:29,113,89,-30,21:24,5,0,0,0,0,0,2022-04-04,6.7,4.4,11.1,2.3,0.0,225.0,15.1,,1010.8,
UA,4/4/2022,2027,N850UA,IAD,23:37,23:41,70,85,4,23:36,5,0,0,0,0,0,2022-04-04,7.1,-1.0,13.3,0.0,0.0,352.0,6.1,,1017.6,
UA,4/5/2019,607,N24702,ORD,21:02,23:28,110,95,146,23:24,4,0,0,5,0,141,2019-04-05,6.4,3.9,13.9,0.0,0.0,87.0,5.8,,1019.3,
UA,4/5/2020,1453,N33714,ORD,20:48,20:36,108,105,-12,20:32,4,0,0,0,0,0,2020-04-05,5.6,1.7,11.1,0.0,0.0,39.0,13.7,,1022.0,
UA,4/5/2021,1224,N38443,ORD,21:36,21:18,116,101,-18,21:13,5,0,0,0,0,0,2021-04-05,19.4,15.6,24.4,0.0,0.0,207.0,18.7,,1012.5,
UA,4/5/2022,1041,N815UA,DEN,15:06,14:38,198,178,-28,14:33,5,0,0,0,0,0,2022-04-05,12.1,0.6,16.1,0.0,0.0,315.0,32.0,,998.2,
UA,4/5/2022,1185,N848UA,ORD,21:59,22:17,113,94,18,22:12,5,0,0,0,0,18,2022-04-05,7.5,3.3,11.7,1.3,0.0,92.0,15.1,,1006.7,
UA,4/5/2022,2027,N813UA,IAD,23:37,8:11,70,84,514,8:07,4,58,0,14,0,442,2022-04-05,9.6,6.7,12.2,21.3,0.0,84.0,8.6,,1013.8,
UA,4/6/2019,607,N486UA,ORD,21:02,20:57,110,109,-5,20:49,8,0,0,0,0,0,2019-04-06,10.9,3.9,18.9,0.0,0.0,128.0,7.9,,1019.5,
UA,4/6/2020,1453,,ORD,20:48,0:00,108,0,0,0:00,0,0,0,0,0,0,2020-04-06,8.5,1.7,17.8,0.3,0.0,96.0,9.4,,1017.2,
UA,4/6/2021,790,N424UA,ORD,21:36,21:35,116,91,-1,21:31,4,0,0,0,0,0,2021-04-06,20.9,15.0,27.2,0.0,0.0,208.0,17.3,,1010.4,
UA,4/6/2022,1041,N818UA,DEN,15:06,15:07,198,182,1,15:03,4,0,0,0,0,0,2022-04-06,3.5,-3.2,9.4,0.0,0.0,314.0,32.0,,1019.5,
UA,4/6/2022,1185,N844UA,ORD,21:59,21:35,113,99,-24,21:31,4,0,0,0,0,0,2022-04-06,10.7,6.1,13.3,19.3,0.0,228.0,24.8,,999.2,
UA,4/6/2022,2027,N894UA,IAD,23:37,1:00,70,63,83,0:52,8,83,0,0,0,0,2022-04-06,12.4,10.0,16.7,7.9,0.0,32.0,14.4,,1006.1,
UA,4/7/2019,607,N17719,ORD,21:02,22:27,110,176,85,22:22,5,0,19,66,0,0,2019-04-07,13.5,10.6,19.4,9.9,0.0,181.0,13.3,,1011.1,
UA,4/7/2020,1453,N39728,ORD,20:48,20:41,108,95,-7,20:38,3,0,0,0,0,0,2020-04-07,17.1,10.6,26.7,1.0,0.0,262.0,12.6,,1006.2,
UA,4/7/2022,1041,N877UA,DEN,15:06,16:10,198,205,64,16:05,5,47,0,7,0,10,2022-04-07,4.1,-2.7,11.7,0.0,0.0,355.0,28.8,,1026.0,
UA,4/7/2022,1185,N872UA,ORD,21:59,21:54,113,105,-5,21:49,5,0,0,0,0,0,2022-04-07,6.1,3.3,6.7,1.5,0.0,236.0,23.0,,1000.3,
UA,4/7/2022,2027,N829UA,IAD,23:37,23:18,70,57,-19,23:13,5,0,0,0,0,0,2022-04-07,11.3,8.3,12.2,9.4,0.0,36.0,12.6,,1004.8,
UA,4/8/2019,607,N16732,ORD,21:02,20:53,110,106,-9,20:48,5,0,0,0,0,0,2019-04-08,16.2,11.1,22.8,0.0,0.0,261.0,13.7,,1009.7,
UA,4/8/2020,1453,N75436,ORD,20:48,20:29,108,100,-19,20:25,4,0,0,0,0,0,2020-04-08,15.9,8.9,23.3,5.6,0.0,50.0,13.0,,1006.0,
UA,4/8/2022,1041,N837UA,DEN,15:06,15:05,198,202,-1,15:01,4,0,0,0,0,0,2022-04-08,6.7,-7.1,19.4,0.0,0.0,247.0,12.2,,1020.9,
UA,4/8/2022,1185,N832UA,ORD,21:59,21:51,113,104,-8,21:47,4,0,0,0,0,0,2022-04-08,3.7,0.6,5.0,8.1,0.0,309.0,13.7,,1004.3,
UA,4/8/2022,2027,N848UA,IAD,23:37,23:37,70,62,0,23:31,6,0,0,0,0,0,2022-04-08,10.8,3.3,17.2,1.3,0.0,241.0,13.3,,1004.9,
UA,4/9/2019,607,N432UA,ORD,21:02,20:45,110,100,-17,20:39,6,0,0,0,0,0,2019-04-09,15.4,3.9,18.9,0.0,0.0,307.0,19.1,,1010.7,
UA,4/9/2020,1453,N69826,ORD,20:48,20:27,108,99,-21,20:22,5,0,0,0,0,0,2020-04-09,7.9,2.2,10.0,0.0,0.0,293.0,28.8,,1008.1,
UA,4/9/2022,1041,N424UA,DEN,15:11,15:08,202,200,-3,15:03,5,0,0,0,0,0,2022-04-09,14.8,6.7,24.4,0.0,0.0,189.0,22.3,,1001.7,
UA,4/9/2022,1185,N817UA,ORD,20:58,20:51,113,104,-7,20:46,5,0,0,0,0,0,2022-04-09,3.8,0.0,12.2,0.0,0.0,325.0,9.4,,1010.4,
UA,4/9/2022,2027,N898UA,IAD,23:37,23:51,70,62,14,23:45,6,0,0,0,0,0,2022-04-09,9.1,4.4,12.2,1.5,0.0,293.0,12.6,,1006.2,
